dayid,race_id,馬名1,馬名2,馬名3,馬名4,馬名5,馬名6,馬名7,馬名8,馬名9,馬名10,馬名11,馬名12,馬名13,馬名14,馬名15,馬名16,馬名17,馬名18,能力1,能力2,能力3,能力4,能力5,能力6,能力7,能力8,能力9,能力10,能力11,能力12,能力13,能力14,能力15,能力16,能力17,能力18,上3F1,上3F2,上3F3,上3F4,上3F5,上3F6,上3F7,上3F8,上3F9,上3F10,上3F11,上3F12,上3F13,上3F14,上3F15,上3F16,上3F17,上3F18,ave3-1,ave3-2,ave3-3,ave3-4,ave3-5,ave3-6,ave3-7,ave3-8,ave3-9,ave3-10,ave3-11,ave3-12,ave3-13,ave3-14,ave3-15,ave3-16,ave3-17,ave3-18,能力の分散,上3F分散,能力偏差値1,能力偏差値2,能力偏差値3,能力偏差値4,能力偏差値5,能力偏差値6,能力偏差値7,能力偏差値8,能力偏差値9,能力偏差値10,能力偏差値11,能力偏差値12,能力偏差値13,能力偏差値14,能力偏差値15,能力偏差値16,能力偏差値17,能力偏差値18,上3F偏差値1,上3F偏差値2,上3F偏差値3,上3F偏差値4,上3F偏差値5,上3F偏差値6,上3F偏差値7,上3F偏差値8,上3F偏差値9,上3F偏差値10,上3F偏差値11,上3F偏差値12,上3F偏差値13,上3F偏差値14,上3F偏差値15,上3F偏差値16,上3F偏差値17,上3F偏差値18,予想タイム1,予想タイム2,予想タイム3,予想タイム4,予想タイム5,予想タイム6,予想タイム7,予想タイム8,予想タイム9,予想タイム10,予想タイム11,予想タイム12,予想タイム13,予想タイム14,予想タイム15,予想タイム16,予想タイム17,予想タイム18
20191116,201911160509,ペイシャリサ,キタサンヴィクター,ヴィジョンオブラヴ,オペラハット,リヴィエラ,クロノスタシス,ネオブレイブ,カナシバリ,ウラノメトリア,カフェプリンス,アンダープロミス,リキサンダイオー,マイネルストラトス,テトラルキア,,,,,94.61,96.25,95.55,95.09,96.81,96.26,94.42,95.53,94.85,92.77,93.38,94.92,95.46,96.3,,,,,60.63,60.06,60.51,62.72,61.3,60.77,60.35,59.22,60.09,65.77,60.46,62.58,60.36,61.46,,,,,38.05,38.24,38.85,38.11,38.2,38.09,37.59,37.81,37.85,37.49,37.95,37.84,37.14,37.64,,,,,1.28,2.66,45.17,59.65,53.47,49.41,64.59,59.73,43.49,53.29,47.29,28.93,34.31,47.91,52.67,60.09,,,,,46.73,43.24,46.0,59.55,50.84,47.59,45.02,38.09,43.42,78.25,45.69,58.69,45.08,51.82,,,,,131.56,132.46,133.65,130.17,131.44,131.56,130.62,132.0,131.46,126.37,131.43,129.59,129.49,129.92,,,,
20191116,201911160510,メイショウグロッケ,チカノワール,アクアミラビリス,スイープセレリタス,ベアインマインド,トーセンブレス,シトラスノート,レジーナドーロ,ネリッサ,レッドベルローズ,ペルソナリテ,ヒストリア,,,,,,,96.37,94.88,95.13,96.91,95.36,96.23,95.64,96.51,95.2,94.69,95.63,96.39,,,,,,,61.35,60.57,60.99,59.67,63.29,59.83,60.67,59.78,60.1,60.03,59.27,59.38,,,,,,,35.33,36.55,36.54,35.79,36.66,36.19,35.48,36.01,36.42,36.85,36.66,36.82,,,,,,,0.52,1.23,58.69,37.98,41.45,66.19,44.65,56.74,48.54,60.63,42.42,35.34,48.4,58.97,,,,,,,58.48,51.44,55.23,43.31,76.0,44.75,52.34,44.3,47.19,46.56,39.7,40.69,,,,,,,91.87,94.43,94.13,93.77,92.77,94.33,92.58,94.06,94.53,95.3,95.5,95.69,,,,,,
20191116,201911160511,ラインベック,リグージェ,オーロラフラッシュ,ゼンノジャスタ,アルジャンナ,コントレイル,ソウルトレイン,マイネルデステリョ,,,,,,,,,,,92.54,92.66,92.59,95.1,91.59,93.6,91.7,94.63,,,,,,,,,,,59.98,57.88,61.01,61.91,58.81,58.66,60.42,59.42,,,,,,,,,,,37.98,38.5,37.62,34.83,38.91,37.7,38.28,36.94,,,,,,,,,,,1.65,1.78,46.02,46.96,46.41,65.93,38.64,54.27,39.49,62.27,,,,,,,,,,,51.64,35.88,59.37,66.12,42.86,41.74,54.94,47.44,,,,,,,,,,,110.07,112.55,108.65,102.46,112.73,110.42,110.37,108.38,,,,,,,,,,
20191116,201911160512,コスモヨハネ,ラストプリマドンナ,トゥザフロンティア,ヴィッテルスバッハ,アシェット,サクラユニヴァース,ブーザー,サトノフォース,ミモザイエロー,,,,,,,,,,96.96,96.0,95.96,95.86,94.5,94.33,96.0,96.1,94.14,,,,,,,,,,60.32,60.76,61.52,59.41,59.99,61.73,60.76,60.24,61.57,,,,,,,,,,35.55,35.1,35.71,36.68,36.96,36.27,35.82,36.62,36.35,,,,,,,,,,0.94,0.63,64.64,54.75,54.34,53.31,39.3,37.55,54.75,55.78,35.59,,,,,,,,,,45.2,50.76,60.35,33.72,41.04,63.0,50.76,44.19,60.98,,,,,,,,,,92.93,91.89,92.39,95.43,95.51,93.18,93.09,94.77,93.42,,,,,,,,,
20191116,201911160809,ショウナンナデシコ,ヴォルスト,アポロアベリア,レーヌブランシュ,キンノマサカリ,ハクアイウィンザー,フレイムウィングス,ベイサイドブルー,セイシェルノユウヒ,ベレヌス,,,,,,,,,93.06,92.53,92.08,92.18,93.39,93.36,93.46,93.99,91.92,91.11,,,,,,,,,59.87,58.92,62.14,60.65,60.27,62.43,61.28,60.48,60.41,62.92,,,,,,,,,38.35,38.29,36.88,38.9,38.5,36.4,37.59,37.26,38.69,38.32,,,,,,,,,0.79,1.55,53.96,48.0,42.93,44.06,57.68,57.34,58.47,64.43,41.13,32.01,,,,,,,,,41.43,33.8,59.66,47.69,44.64,61.99,52.76,46.33,45.77,65.93,,,,,,,,,114.5,115.1,109.85,115.01,114.5,108.67,111.91,111.86,114.77,112.13,,,,,,,,
20191116,201911160810,ギャラッド,ハウエバー,レッドレオン,エーティーラッセン,ラテュロス,ドゥーカ,サトノケンシロウ,イペルラーニオ,スティルウォーター,バイオレントブロー,ステイパーシスト,ゴールドフラッグ,レオコックブルー,,,,,,95.97,95.64,95.21,93.87,96.06,95.2,95.13,95.7,93.87,94.0,95.32,95.48,95.72,,,,,,60.29,61.67,60.86,61.21,60.2,61.55,59.89,62.71,59.85,61.26,61.56,60.14,59.35,,,,,,36.82,36.97,36.76,37.5,36.2,36.41,37.0,37.04,37.85,36.94,36.72,37.25,36.73,,,,,,0.59,0.9,60.43,56.15,50.56,33.15,61.6,50.43,49.52,56.93,33.15,34.84,51.99,54.07,57.19,,,,,,44.51,59.05,50.52,54.21,43.57,57.79,40.3,70.01,39.88,54.73,57.89,42.93,34.61,,,,,,131.99,131.45,131.44,133.18,130.4,130.04,132.74,130.93,135.04,131.65,130.86,133.24,132.39,,,,,
20191116,201911160811,トリコロールブルー,ナイトオブナイツ,マサハヤドリーム,ゴールドサーベラス,ヒーズインラブ,アイスストーム,ロードヴァンドール,ジョルジュサンク,マイネルネーベル,マイネルサーパス,ケイティクレバー,フランツ,レトロロック,ジェシー,アウトライアーズ,アメリカズカップ,キョウヘイ,,96.03,95.49,94.6,96.46,98.16,96.45,95.98,95.46,95.71,95.81,96.71,96.38,95.86,95.93,95.55,94.74,96.25,,60.01,60.91,63.28,61.02,60.29,59.27,64.22,61.2,61.29,60.5,63.82,59.75,61.49,61.88,61.43,61.64,60.48,,36.3,36.38,36.26,35.81,35.55,36.25,36.6,36.01,36.24,36.51,35.57,36.38,35.82,35.95,35.99,36.24,36.2,,0.64,1.88,50.69,43.94,32.81,56.07,77.33,55.94,50.07,43.56,46.69,47.94,59.2,55.07,48.57,49.44,44.69,34.56,53.44,,40.42,46.99,64.28,47.79,42.47,35.03,71.14,49.11,49.76,44.0,68.22,38.53,51.22,54.07,50.79,52.32,43.85,,119.09,118.66,116.75,117.25,117.15,119.49,116.9,117.6,118.07,119.24,114.77,119.46,116.95,116.99,117.39,117.83,118.53,
20191116,201911160812,パッションチカ,レジーナファースト,ショウナンマッシブ,ノボリレーヴ,ウインハートビート,グラナタス,ウィズ,ディアボレット,ズアー,ガーシュウィン,ナーゲルリング,プリディカメント,セトノシャトル,マーマレードガール,ゲンパチケンシン,ローゼンクリーガー,メイショウツバキ,ザイツィンガー,95.18,96.15,96.89,95.31,96.3,95.26,96.8,95.45,96.62,97.05,95.93,93.66,95.51,95.72,96.23,95.58,95.86,95.83,61.66,60.75,60.49,60.95,60.76,61.37,61.29,60.89,61.21,61.51,61.08,62.43,61.04,61.93,60.61,62.09,61.3,60.11,35.01,34.62,34.72,34.9,34.81,35.73,34.24,35.13,34.59,33.57,34.72,36.63,35.62,33.8,35.02,34.64,34.87,35.47,0.63,0.34,41.54,53.76,63.08,43.18,55.65,42.55,61.95,44.94,59.68,65.1,50.99,22.39,45.7,48.34,54.77,46.58,50.1,49.73,57.98,42.44,38.0,45.85,42.61,53.03,51.66,44.83,50.29,55.42,48.07,71.13,47.39,62.59,40.05,65.33,51.83,31.51,67.69,67.91,68.19,68.06,68.1,68.61,67.17,68.33,67.57,66.35,67.79,68.79,68.71,66.29,68.4,67.03,67.79,69.2
20191116,201911160309,スパークオブライフ,ウエスタンランポ,タンタグローリア,マリーツァ,ココナッツスルー,エリンズロマーネ,ワタシヲマッテル,リトミカメンテ,シンボリブーケ,ルエヴェルロール,トレミエール,タイプムーン,デルマエトワール,ネガイ,エフティイーリス,マイタイムオブデイ,,,94.52,94.78,94.09,94.83,93.59,94.8,93.92,94.58,94.1,94.65,93.15,93.74,90.66,92.53,93.64,92.75,,,59.82,60.92,61.3,61.84,63.06,60.95,62.44,60.62,62.42,62.69,61.67,62.8,62.68,61.36,60.46,63.4,,,36.91,36.42,36.78,35.54,37.85,36.54,36.98,36.72,36.3,36.08,37.24,37.11,38.53,37.56,37.1,36.2,,,1.21,1.1,56.82,59.18,52.91,59.64,48.36,59.37,51.36,57.36,53.0,58.0,44.35,49.72,21.7,38.71,48.81,40.71,,,31.38,41.85,45.46,50.6,62.21,42.13,56.31,38.99,56.12,58.69,48.98,59.74,58.59,46.03,37.47,65.44,,,122.05,120.12,120.69,117.41,121.93,120.38,120.34,121.04,118.77,118.06,121.49,120.39,123.78,122.46,122.04,117.83,,
20191116,201911160310,マンノグランプリ,タカノオージャ,カセノウィナー,シュバルツリッター,メイショウランセツ,ヴィーヴァマーレ,クリノロケットマン,ダノングリスター,ユノディエール,キョウワウォール,アイムソーグレイト,ウインドオブホープ,タマモサンシーロ,,,,,,93.41,93.2,94.32,96.75,93.19,95.08,93.78,94.08,93.36,91.38,94.38,95.07,93.63,,,,,,61.92,62.87,62.12,61.56,61.98,60.84,61.09,61.77,62.08,64.01,61.79,62.18,62.08,,,,,,37.94,35.71,37.53,35.7,38.39,37.36,36.4,37.22,37.18,39.07,36.52,36.81,37.85,,,,,,1.6,0.61,45.56,43.9,52.75,71.95,43.82,58.76,48.49,50.86,45.17,29.52,53.23,58.68,47.3,,,,,,48.69,60.85,51.25,44.08,49.46,34.86,38.06,46.77,50.74,75.45,47.03,52.02,50.74,,,,,,106.29,101.48,105.38,102.46,107.07,106.05,104.1,105.08,104.77,106.76,103.78,104.02,106.0,,,,,
20191116,201911160311,シャイニーゲール,ジャディード,コスモジャーベ,ニッポンテイオー,トロピカルストーム,メイショウタカトラ,ウェディングベール,ミルトプレスト,ルーモス,ディバインフォース,コンダクトレス,サンアップルトン,モンファロン,ピボットポイント,,,,,94.56,96.89,96.25,97.21,96.75,95.42,94.62,97.08,93.12,96.24,94.36,94.95,95.84,94.25,,,,,62.57,63.63,61.65,61.55,63.68,61.25,62.14,64.2,60.98,61.63,62.48,61.72,61.45,61.0,,,,,37.51,37.42,37.72,37.51,37.52,36.8,37.27,37.38,37.32,38.0,36.53,37.34,35.6,37.32,,,,,1.59,1.08,42.23,60.73,55.65,63.27,59.62,49.06,42.71,62.24,30.79,55.57,40.64,45.33,52.39,39.77,,,,,54.15,64.34,45.31,44.35,64.82,41.47,50.02,69.82,38.87,45.12,53.29,45.98,43.39,39.06,,,,,158.99,157.94,160.35,159.73,158.23,157.57,158.5,157.39,159.5,161.3,155.79,159.04,153.43,159.48,,,,
20191116,201911160312,タガノカルラ,ノーブルワークス,ニシノドレッシー,パーティナシティ,フジマサディープ,ホッコーメヴィウス,ヨークテソーロ,ジェスロ,メイショウベルボン,ヴォイスオブジョイ,グッドレイズ,スリーマグナム,スワーヴラーシド,アテンコール,エスペランサスカイ,ラブヘネシー,,,95.85,94.96,95.57,95.73,96.51,94.28,94.16,96.56,95.58,95.64,96.09,95.35,96.56,93.93,88.12,92.2,,,59.48,61.52,60.8,62.11,60.99,61.63,62.28,60.98,61.4,60.37,60.13,62.05,61.08,62.53,65.45,63.54,,,35.5,35.24,34.9,33.98,34.62,35.65,34.14,34.58,34.88,35.41,35.41,34.6,35.11,37.55,38.24,36.96,,,4.52,2.01,54.85,50.67,53.54,54.29,57.96,47.47,46.9,58.19,53.58,53.87,55.98,52.5,58.19,45.82,18.49,37.69,,,34.74,49.11,44.04,53.27,45.38,49.89,54.46,45.31,48.27,41.01,39.32,52.84,46.01,56.23,76.8,63.34,,,70.56,68.88,69.04,67.21,68.63,69.22,67.26,68.6,68.61,69.85,70.02,67.87,69.06,70.5,69.16,69.2,,
20191117,201911170509,ビオグラフィー,セイウンヴィーナス,イズジョーノキセキ,ジェラペッシュ,フィオリキアリ,カイアワセ,シンハリング,スマイルカナ,シャインガーネット,スリリングドリーム,チェーンオブラブ,ドナキアーロ,,,,,,,92.54,92.88,94.38,93.56,92.24,93.42,93.62,94.36,94.06,93.25,94.06,94.2,,,,,,,61.42,61.84,60.23,61.22,59.7,61.67,59.15,61.71,61.3,61.16,60.78,60.29,,,,,,,36.96,36.67,36.72,36.86,38.34,36.68,37.38,36.18,36.54,37.15,36.3,36.8,,,,,,,0.51,0.73,35.86,40.63,61.68,50.18,31.65,48.21,51.02,61.4,57.19,45.82,57.19,59.16,,,,,,,56.4,61.3,42.49,54.06,36.3,59.32,29.88,59.78,54.99,53.36,48.92,43.2,,,,,,,94.54,93.77,94.94,94.5,98.0,93.9,96.78,93.04,93.92,95.03,93.87,95.04,,,,,,
20191117,201911170510,ディープオーパス,オメガドラクロワ,ミッキーポジション,フリーフリッカー,シロニイ,ジュンスターホース,ネイビーブルー,マイネルアンファン,アドラメレク,メイショウマトイ,アシャカトブ,エジステンツァ,メイショウテムズ,ロジティナ,アポロテネシー,サマーサプライズ,,,95.12,97.04,95.71,97.57,96.46,97.29,94.29,96.93,97.58,96.31,97.05,93.5,95.99,96.04,96.94,95.67,,,61.11,60.24,59.81,58.62,59.6,59.33,62.65,60.99,61.34,59.18,59.07,61.15,60.36,60.26,58.76,61.97,,,37.1,38.29,37.86,37.91,38.08,37.08,37.62,37.55,37.66,37.73,36.84,37.98,37.31,37.81,37.7,37.45,,,1.35,1.39,40.55,57.07,45.63,61.64,52.08,59.23,33.4,56.13,61.72,50.79,57.16,26.6,48.04,48.47,56.21,45.28,,,57.06,49.68,46.04,35.95,44.26,41.97,70.11,56.04,59.01,40.7,39.77,57.4,50.7,49.85,37.14,64.35,,,128.83,132.45,131.69,132.69,132.39,130.09,128.99,130.04,130.06,131.83,129.68,131.0,129.91,131.23,132.07,129.07,,
20191117,201911170511,スマートダンディー,タムロミラクル,ゴライアス,タマモカトレア,スマートアヴァロン,ニットウスバル,ヴェネト,ドリュウ,サルサディオーネ,プロトコル,ミッキーワイルド,テーオーヘリオス,エレクトロポップ,ドリームキラリ,ストロベリームーン,ベストマッチョ,,,97.48,96.7,96.6,96.72,97.8,97.34,95.45,96.33,96.53,97.09,97.93,97.79,96.62,97.25,97.56,96.93,,,60.44,60.06,60.39,60.06,59.66,60.8,62.62,59.22,62.86,60.67,59.78,60.2,60.35,61.22,60.13,60.65,,,35.28,35.97,36.91,36.18,35.57,35.63,35.41,36.81,36.61,35.98,35.51,35.54,35.75,35.85,34.8,35.54,,,0.43,0.94,57.23,45.3,43.77,45.6,62.12,55.09,26.17,39.63,42.69,51.26,64.11,61.97,44.07,53.71,58.45,48.81,,,48.67,44.76,48.15,44.76,40.64,52.37,71.1,36.11,73.57,51.04,41.88,46.2,47.74,56.7,45.48,50.83,,,83.51,84.71,85.73,84.99,84.47,83.72,82.08,86.46,83.51,84.28,84.31,84.04,84.21,83.7,83.1,83.71,,
20191117,201911170512,キタイ,アランブレラ,ダイナミックアロー,ドリームスピリット,ウインスラーヴァ,コスモカレンドゥラ,エブリバディ,インテンスライト,マルーンエンブレム,,,,,,,,,,95.24,90.85,94.5,96.15,94.48,94.91,95.39,95.9,94.4,,,,,,,,,,62.03,63.56,63.3,62.66,61.04,60.8,62.12,60.38,60.2,,,,,,,,,,34.6,38.03,37.03,37.7,37.26,36.74,36.69,36.4,37.04,,,,,,,,,,2.42,1.55,53.82,25.57,49.06,59.67,48.93,51.69,54.78,58.06,48.41,,,,,,,,,,51.95,64.24,62.15,57.01,43.99,42.06,52.67,38.69,37.24,,,,,,,,,,113.45,120.41,118.25,120.25,120.33,119.28,118.27,118.78,120.39,,,,,,,,,
20191117,201911170809,レジェーロ,エグレムニ,カワキタアジン,テイエムヤマカゼ,ピュアカラー,ヒメサマ,エイシンタンチョウ,タケルラスティ,ジュビリーヘッド,シゲルミズガメザ,ロードエクスプレス,カリニート,イーサンティラノ,,,,,,93.21,93.98,93.47,93.59,95.02,94.54,91.72,94.11,94.85,94.67,94.56,94.18,92.73,,,,,,62.19,61.48,61.49,62.27,61.44,62.32,63.16,63.01,62.39,62.48,61.57,62.56,62.82,,,,,,35.92,35.2,35.67,35.39,35.4,34.62,36.35,35.1,34.0,34.72,35.92,34.25,35.25,,,,,,0.88,0.35,42.72,50.91,45.48,46.76,61.97,56.87,26.86,52.29,60.16,58.25,57.08,53.04,37.61,,,,,,49.08,37.07,37.24,50.43,36.39,51.27,65.48,62.94,52.46,53.98,38.59,55.33,59.73,,,,,,80.12,79.63,80.25,79.36,79.93,78.3,80.04,78.47,77.42,78.32,80.54,77.64,78.8,,,,,
20191117,201911170810,ヘヴントゥナイト,マイネルズイーガー,トーホウアルテミス,バイオスパーク,ダンスディライト,フィールインラヴ,リリーモントルー,ケージーキンカメ,ジャーミネイト,,,,,,,,,,95.1,94.18,96.0,94.65,94.65,93.89,95.73,94.61,94.77,,,,,,,,,,60.31,61.28,63.21,60.62,61.85,61.61,60.5,62.98,59.49,,,,,,,,,,37.76,37.03,36.33,37.31,36.96,37.21,36.33,36.94,37.2,,,,,,,,,,0.46,1.53,53.8,40.23,67.09,47.16,47.16,35.95,63.1,46.57,48.93,,,,,,,,,,41.86,49.7,65.32,44.36,54.31,52.37,43.39,63.46,35.22,,,,,,,,,,122.29,119.92,116.96,121.03,119.37,120.12,118.82,118.54,121.55,,,,,,,,,
20191117,201911170811,ダノンキングリー,グァンチャーレ,マイスタイル,レッドオルガ,インディチャンプ,フィアーノロマーノ,ペルシアンナイト,プリモシーン,クリノガウディー,アルアイン,カテドラル,モズアスコット,タイムトリップ,ダノンプレミアム,ダイアトニック,エメラルファイト,レイエンダ,,97.23,97.69,96.98,97.8,98.68,97.76,97.23,98.24,97.42,95.89,96.82,98.07,97.06,97.88,97.54,95.96,97.35,,59.27,59.86,61.3,59.47,58.88,60.65,60.21,60.3,60.87,61.49,59.62,59.02,59.97,59.23,59.55,61.48,58.38,,36.08,35.62,35.32,35.38,35.37,34.94,36.18,34.91,35.27,36.24,35.87,35.62,35.07,35.84,35.4,36.02,36.48,,0.53,0.88,47.82,54.15,44.38,55.66,67.77,55.11,47.82,61.72,50.44,29.39,42.18,59.38,45.49,56.76,52.09,30.36,49.47,,42.48,48.79,64.17,44.62,38.32,57.23,52.53,53.49,59.58,66.2,46.22,39.81,49.96,42.06,45.47,66.1,32.97,,94.63,93.46,91.98,93.33,93.71,91.79,94.15,91.98,92.19,93.38,94.04,94.03,92.47,94.26,93.3,93.03,95.9,
20191117,201911170812,スビールアスール,メイショウコゴミ,バーニングペスカ,ハニージェイド,ドゴール,ベルエスメラルダ,グロワールシチー,ヘルディン,マラードザレコード,シアーライン,タマモコーラス,ニシオボヌール,ヴォーガ,スリーランディア,アサケパワー,ルッジェーロ,,,96.72,96.98,97.49,96.76,95.19,95.68,96.22,97.56,98.86,97.42,96.78,96.56,97.85,96.2,96.37,97.12,,,61.25,60.79,61.0,59.35,61.87,60.25,60.37,60.41,61.33,60.51,60.2,61.65,60.57,60.19,61.95,60.2,,,33.72,34.9,34.86,36.08,35.12,36.12,36.24,34.46,34.03,34.88,34.98,33.96,34.93,34.84,34.72,35.81,,,0.78,0.51,48.41,51.36,57.15,48.87,31.05,36.61,42.74,57.94,72.69,56.35,49.09,46.6,61.23,42.51,44.44,52.95,,,57.11,50.66,53.6,30.47,65.8,43.09,44.77,45.33,58.23,46.73,42.39,62.71,47.57,42.25,66.92,42.39,,,68.82,70.33,70.14,72.55,69.78,71.94,71.97,70.17,69.07,70.51,70.84,68.77,70.52,70.7,69.32,71.67,,
20191117,201911170309,ミリオンゲーム,ミキノモンテカルロ,ガーデンコンサート,ディーズファンシー,アスカリ,ジューンステータス,グランミューク,ナオアンドユリ,アメリカズハート,スマートスリロス,トモジャスティス,タマモクレマチス,ザベストエバー,ノボシュンシュン,プリンセスヨウク,シルバーストーン,,,93.56,95.57,93.99,94.1,94.35,94.82,90.58,94.68,94.5,92.75,94.85,92.06,96.61,95.34,96.26,97.06,,,62.25,61.0,61.71,62.68,62.7,61.95,65.28,62.75,62.73,63.8,62.33,63.77,61.75,62.34,59.44,60.82,,,35.26,34.85,35.78,35.26,35.21,35.96,37.65,35.72,34.94,35.0,34.75,36.35,34.34,34.66,36.36,35.11,,,2.79,1.79,44.72,56.75,47.29,47.95,49.45,52.26,26.88,51.42,50.34,39.87,52.44,35.74,62.97,55.37,60.88,65.67,,,49.39,40.04,45.35,52.61,52.76,47.15,72.06,53.13,52.98,60.99,49.99,60.76,45.65,50.07,28.37,38.7,,,67.56,68.1,68.43,67.24,67.18,68.42,67.52,67.61,66.91,66.18,67.03,67.44,67.08,66.95,70.64,68.48,,
20191117,201911170310,エンシュラウド,マイネルユニブラン,ブライティアセルバ,ガトン,ウレキサイト,メガディスカバリー,ツクバソヴァール,ナミブ,ダディーズトリップ,シャイニーロケット,クリノオウジャ,マイネルエキサイト,クオンタムシフト,ホウオウエーデル,ソルフェージュ,ダイワダグラス,,,94.15,94.18,93.88,95.19,94.8,94.23,94.13,93.26,93.74,95.41,93.89,94.81,94.35,94.68,93.81,93.34,,,61.41,63.08,62.09,62.83,61.45,62.42,62.36,62.73,61.13,61.34,62.25,61.85,61.28,62.77,61.58,61.61,,,36.8,36.53,36.68,35.49,37.18,37.25,36.73,36.89,37.25,37.56,36.54,36.53,36.96,37.15,37.05,37.09,,,0.37,0.4,48.52,49.01,44.1,65.54,59.16,49.83,48.19,33.95,41.8,69.14,44.26,59.32,51.79,57.19,42.95,35.26,,,40.55,66.8,51.24,62.87,41.18,56.43,55.48,61.3,36.14,39.45,53.75,47.46,38.5,61.93,43.22,43.69,,,120.66,118.83,119.89,116.58,121.52,120.98,119.81,119.92,121.91,122.48,119.45,119.71,121.13,120.5,121.12,121.19,,
20191117,201911170311,ローズプリンスダム,リテラルフォース,ショーム,コスモカナディアン,プレスティージオ,ビックリシタナモー,ジョーダンキング,サノサマー,スワーヴアラミス,メイショウエイコウ,カラクプア,マイネルユキツバキ,クルークハイト,ノーヴァレンダ,マイネルクラース,,,,97.25,95.71,97.01,98.22,96.33,97.43,98.11,97.84,96.71,97.37,97.05,96.43,95.55,94.76,97.63,,,,60.26,60.11,58.69,60.3,61.06,59.43,59.34,60.3,60.86,59.99,59.92,59.72,60.2,62.15,60.62,,,,36.29,37.81,36.35,37.26,36.24,36.04,37.14,37.45,37.35,37.38,37.12,37.16,36.84,37.0,37.07,,,,0.98,0.65,53.61,38.03,51.18,63.42,44.3,55.43,62.31,59.58,48.15,54.82,51.58,45.31,36.41,28.42,57.45,,,,50.78,48.93,31.36,51.28,60.68,40.52,39.4,51.28,58.2,47.44,46.58,44.1,50.04,74.16,55.24,,,,104.53,107.43,105.84,106.28,103.83,104.71,106.8,106.63,106.02,106.73,106.32,106.54,105.59,104.39,105.69,,,
20191117,201911170312,トップソリスト,アルミューテン,アーヒラ,アテンフラワー,シャインサンデー,サンノゼテソーロ,ピカピカ,シンデレラメイク,キャスパリーグ,マイネルアルケミー,ペイシャドリーム,ドリームジャンボ,トウカイレーヌ,バーミーブリーズ,ファンタジステラ,ヒロイックアゲン,,,95.72,96.67,96.21,96.51,95.26,95.53,96.59,96.14,96.88,95.68,95.85,94.81,96.6,95.31,97.75,97.94,,,61.27,61.0,61.21,61.17,61.43,61.2,60.15,60.74,60.23,61.49,60.66,62.45,61.2,60.76,60.52,59.42,,,34.14,34.23,34.4,34.51,34.68,35.66,34.19,34.94,34.96,34.54,34.56,34.32,34.0,34.7,34.46,34.05,,,0.75,0.46,44.26,55.26,49.93,53.41,38.94,42.07,54.33,49.12,57.69,43.8,45.77,33.73,54.45,39.52,67.76,69.95,,,54.97,51.01,54.09,53.5,57.32,53.95,38.53,47.19,39.71,58.2,46.02,72.29,53.95,47.49,43.96,27.82,,,67.96,68.23,68.26,68.4,68.39,69.53,68.78,69.13,69.5,68.2,68.8,67.32,67.86,68.87,68.8,69.15,,
20191123,201911230509,オーロラテソーロ,クレパト,デュードヴァン,コスモインペリウム,ラブリーエンジェル,タイキルークス,アメリカンベイビー,マティアス,セラン,ダイメイコリーダ,ハルプモント,アスターマリンバ,ショウナンマリオ,トーセンタイミング,キョウエイゴー,ダノンファラオ,,,94.67,91.84,95.3,92.33,92.55,93.05,94.15,94.21,93.14,93.55,92.22,92.7,92.47,90.77,93.25,94.72,,,61.86,62.3,59.17,60.53,63.33,61.03,58.78,61.87,59.5,61.76,62.36,60.65,61.81,61.86,61.55,58.96,,,36.2,37.86,36.48,37.93,36.93,36.99,37.26,36.52,37.94,37.14,37.19,38.23,37.8,39.03,37.44,36.87,,,1.44,1.84,62.39,38.82,67.63,42.9,44.73,48.9,58.06,58.56,49.65,53.06,41.98,45.98,44.07,29.91,50.56,62.8,,,55.73,58.96,35.92,45.93,66.55,49.61,33.05,55.8,38.35,54.99,59.41,46.82,55.36,55.73,53.44,34.37,,,95.86,98.31,98.31,99.72,95.99,97.79,99.9,96.39,100.5,97.5,97.14,100.14,98.57,100.58,98.15,99.11,,
20191123,201911230510,レッドルゼル,ブルベアイリーデ,メイショウバッハ,ハーグリーブス,ネオスターダム,ヒデノヴィーナス,イダペガサス,タガノアム,メイショウヴォルガ,アームズレングス,ヴァイトブリック,スピーディクール,マイネルラック,マイウェイアムール,タイセイプレシャス,アーバンイェーガー,,,96.19,96.93,95.5,96.71,97.13,95.81,96.95,97.44,95.92,96.81,95.25,97.13,96.38,96.71,96.62,97.29,,,61.42,59.0,59.66,60.25,61.74,61.56,58.56,59.0,62.67,57.61,60.4,59.61,61.38,60.62,59.36,60.13,,,35.6,36.13,36.47,34.84,35.52,34.88,36.32,35.59,35.89,36.74,37.15,36.08,35.26,35.51,36.29,35.52,,,0.42,1.8,44.49,55.88,33.87,52.49,58.95,38.64,56.18,63.72,40.34,54.03,30.03,58.95,47.41,52.49,51.11,61.41,,,59.19,41.17,46.09,50.48,61.58,60.24,37.89,41.17,68.5,30.82,51.6,45.71,58.89,53.23,43.85,49.59,,,83.22,85.71,85.68,83.07,82.88,82.16,86.29,84.99,82.69,87.55,86.04,85.19,82.8,83.69,85.66,84.06,,
20191123,201911230511,エントシャイデン,シェーングランツ,アンノートル,レッドヴェイロン,ソーグリッタリング,カフェブリッツ,コスモイグナーツ,メイショウオワラ,ブレスジャーニー,サトノアーサー,プロディガルサン,ケイデンスコール,サトノフェイバー,サトノキングダム,ドーヴァー,ロワアブソリュー,ウインシャトレーヌ,,97.63,95.82,96.72,97.1,97.44,96.12,95.76,96.79,95.87,97.28,97.6,96.48,95.72,96.87,97.97,96.22,96.37,,59.87,60.63,58.98,59.5,59.13,62.53,61.8,60.24,58.79,59.77,59.31,59.92,62.43,59.78,59.98,60.68,61.04,,35.44,36.33,36.47,35.95,36.26,36.55,35.52,35.66,36.87,35.67,36.23,36.2,35.77,36.19,34.94,35.73,35.4,,0.52,1.28,62.95,37.97,50.39,55.63,60.33,42.11,37.14,51.36,38.66,58.12,62.54,47.08,36.59,52.46,67.64,43.49,45.56,,46.58,53.29,38.72,43.31,40.04,70.06,63.62,49.84,37.04,45.69,41.63,47.02,69.18,45.78,47.55,53.73,56.91,,93.05,94.02,95.37,94.15,94.92,93.1,91.88,93.17,96.17,93.5,94.75,94.29,91.87,94.37,92.14,92.99,92.2,
20191123,201911230512,オジョーノキセキ,ヴェロニカグレース,ロケット,アロハブリーズ,スペキュラース,キョウエイソフィア,イルヴェントデーア,スタークォーツ,ハトホル,シュエットヌーベル,エスタジ,トーセンリラ,アフランシール,ツヅク,ショウナンバニラ,ノーブルアース,ヴェルスパー,スピアーノ,95.81,95.32,95.96,96.38,96.21,95.28,95.65,95.06,96.19,94.81,96.12,95.64,95.16,95.96,93.87,95.65,95.58,94.72,59.92,61.24,60.71,61.41,61.14,61.25,61.56,61.7,59.82,61.46,61.07,61.76,59.55,60.57,61.0,60.61,59.86,62.33,35.5,36.41,35.86,34.45,35.12,36.25,35.22,35.13,35.98,34.72,35.37,35.34,36.52,35.41,35.58,35.91,35.2,34.89,0.4,0.59,54.56,46.84,56.92,63.54,60.86,46.21,52.04,42.75,60.54,38.81,59.44,51.88,44.32,56.92,24.0,52.04,50.94,37.39,36.67,53.88,46.97,56.1,52.58,54.01,58.06,59.88,35.37,56.75,51.67,60.66,31.84,45.15,50.75,45.67,35.89,68.1,80.89,81.22,80.84,78.49,79.56,81.0,79.42,79.2,81.59,78.82,79.94,79.44,82.49,80.33,80.27,80.97,80.53,78.46
20191123,201911230809,イベリア,ホウオウライジン,クリノアパッチ,ヴィッセン,グロンフォール,ヒルノダカール,モズベッロ,サトノシリウス,,,,,,,,,,,95.89,95.45,92.4,94.92,97.34,94.92,95.39,95.15,,,,,,,,,,,59.25,60.59,63.2,63.03,60.34,60.02,60.95,60.84,,,,,,,,,,,37.61,36.82,37.92,36.4,37.85,36.75,36.39,37.34,,,,,,,,,,,1.88,1.94,55.16,51.95,29.7,48.08,65.74,48.08,51.51,49.76,,,,,,,,,,,37.25,46.86,65.58,64.36,45.07,42.77,49.44,48.66,,,,,,,,,,,147.34,144.06,145.58,141.14,147.32,144.24,142.53,145.45,,,,,,,,,,
20191123,201911230810,ビルジキール,タガノファジョーロ,テーオーフォース,タガノボンバー,テイエムディラン,テイエムジョウネツ,ヒストリーメイカー,サザンブリーズ,サンライズセナ,ウインユニファイド,ゼンノワスレガタミ,ゴルトマイスター,エネスク,ナンヨーイザヨイ,アポロユッキー,グローリーグローリ,,,95.52,95.7,95.1,97.3,95.63,95.17,96.59,95.98,96.29,96.55,95.58,95.36,95.56,95.41,94.83,96.68,,,60.92,60.07,59.29,59.32,60.0,59.74,60.15,59.28,60.17,60.21,59.18,58.76,60.7,60.87,60.23,60.86,,,36.47,37.49,37.8,37.66,36.86,37.73,37.38,37.41,37.76,37.14,37.69,37.4,37.25,36.64,37.11,35.36,,,0.46,0.45,45.45,48.11,39.24,71.75,47.07,40.27,61.26,52.24,56.83,60.67,46.33,43.08,46.04,43.82,35.25,62.59,,,63.95,51.28,39.64,40.09,50.23,46.36,52.47,39.5,52.77,53.36,38.0,31.74,60.67,63.21,53.66,63.06,,,109.94,112.62,113.83,113.53,111.42,113.36,112.35,113.06,113.09,111.82,113.7,113.43,111.67,110.32,111.75,107.77,,
20191123,201911230811,トウカイデュエル,ヴァルナ,ジャストナウ,ロールオブサンダー,インザムード,ミヤマザクラ,ショウナンバレリオ,マイラプソディ,ヒシタイザン,,,,,,,,,,92.81,94.37,93.09,92.59,94.4,91.1,91.58,92.84,93.12,,,,,,,,,,61.83,60.72,61.93,60.34,62.46,61.34,62.91,58.3,60.61,,,,,,,,,,37.19,36.49,37.2,37.76,35.88,38.43,37.69,38.21,37.4,,,,,,,,,,1.2,1.9,49.38,63.64,51.94,47.37,63.91,33.76,38.14,49.65,52.21,,,,,,,,,,54.86,46.81,55.59,44.05,59.44,51.31,62.71,29.23,46.01,,,,,,,,,,119.92,119.05,119.87,122.27,116.43,123.15,120.34,124.73,121.25,,,,,,,,,
20191123,201911230812,オースミカテドラル,ソフトポジション,ラニカイサンデー,プロキシマ,ロードアルバータ,シベリアンタイガー,クリアザトラック,マサキノテソーロ,ライオネルカズマ,マハヴィル,ドンアルゴス,,,,,,,,95.96,95.32,96.0,94.7,95.85,94.94,95.44,95.57,95.63,94.61,96.01,,,,,,,,59.9,62.78,61.49,60.61,61.02,61.14,62.33,61.04,61.23,60.65,61.55,,,,,,,,36.44,34.98,35.43,36.96,36.32,36.54,35.66,36.45,36.05,37.13,36.28,,,,,,,,0.26,0.64,59.81,47.32,60.59,35.23,57.66,39.91,49.66,52.2,53.37,33.47,60.78,,,,,,,,33.08,69.2,53.02,41.98,47.13,48.63,63.56,47.38,49.76,42.49,53.77,,,,,,,,94.8,90.41,92.04,95.19,93.84,94.13,91.85,94.04,93.25,95.44,93.42,,,,,,,
20191124,201911240509,フォッサマグナ,ニシノジャガーズ,レンブランサ,アイアムハヤスギル,ラディアント,ペイシャネガノ,サーストンバーラム,マイネルキャドー,オールウェイズゼア,ミトノアミーゴ,カミノコ,ニシノコトダマ,オルクリスト,モリトユウブ,カゼノドリーム,ローレルジャック,,,95.63,96.51,94.56,95.75,95.81,95.69,96.47,95.07,95.26,96.19,96.34,96.65,95.61,94.6,93.36,96.06,,,60.88,59.07,61.53,61.69,60.78,60.54,62.29,61.95,60.32,60.11,61.27,60.63,59.61,61.36,60.97,60.6,,,36.18,36.82,36.96,34.89,36.03,36.37,34.94,35.76,37.3,35.41,35.68,35.15,36.75,36.58,37.96,36.33,,,0.76,0.71,50.37,60.48,38.08,51.75,52.44,51.06,60.02,43.94,46.12,56.81,58.53,62.09,50.14,38.54,24.3,55.31,,,50.36,28.88,58.07,59.97,49.17,46.32,67.09,63.05,43.71,41.22,54.98,47.39,35.28,56.05,51.42,47.03,,,84.39,86.58,84.96,82.08,84.26,84.9,81.7,83.04,86.3,83.94,83.44,83.2,86.09,84.57,86.7,84.8,,
20191124,201911240510,トラストケンシン,ソロフレーズ,リンディーホップ,プレミオテーラー,リープフラウミルヒ,オウケンブラック,シャンティローザ,ヴァンドギャルド,バリングラ,コスモナインボール,アモーレミオ,アントリューズ,アドマイヤスコール,アトミックフォース,ウーリリ,,,,97.88,96.37,95.03,96.08,96.12,94.05,95.67,96.27,96.03,95.8,95.16,96.79,94.94,95.89,94.51,,,,59.72,60.07,61.06,61.86,60.43,62.69,59.41,60.2,61.97,60.83,59.06,60.06,60.95,59.67,60.2,,,,36.27,36.27,36.49,35.38,36.02,36.76,36.54,36.27,38.1,36.39,36.64,36.16,36.8,36.71,37.01,,,,0.9,1.04,72.24,56.3,42.16,53.24,53.67,31.82,48.92,55.25,52.72,50.29,43.53,60.74,41.21,51.24,36.67,,,,41.9,45.33,55.05,62.91,48.87,71.06,38.85,46.61,63.99,52.79,35.42,45.23,53.97,41.41,46.61,,,,106.83,106.59,106.36,103.59,105.85,105.79,107.58,106.51,108.96,106.31,108.02,106.38,107.05,107.74,107.98,,,
20191124,201911240511,カレンブーケドール,ワグネリアン,ウインテンダネス,ムイトオブリガード,スワーヴリチャード,ユーキャンスマイル,ダイワキャグニー,レイデオロ,ルックトゥワイス,ダンビュライト,シュヴァルグラン,タイセイトレイル,エタリオウ,マカヒキ,ジナンボー,,,,96.08,96.6,98.21,98.31,97.12,97.9,97.13,96.93,99.23,94.88,99.08,97.6,97.27,95.77,96.16,,,,59.99,60.65,63.05,60.53,60.45,60.03,59.87,61.07,59.61,61.63,60.7,61.69,61.75,61.22,60.39,,,,36.37,36.42,36.3,36.75,35.8,37.15,35.96,36.62,36.95,36.91,36.92,37.12,36.78,36.61,36.66,,,,1.48,0.83,40.66,44.93,58.15,58.97,49.2,55.6,49.28,47.64,66.52,30.8,65.29,53.14,50.43,38.11,41.31,,,,40.64,47.89,74.26,46.57,45.69,41.08,39.32,52.51,36.46,58.66,48.44,59.32,59.98,54.15,45.03,,,,143.22,142.92,140.92,143.99,141.19,145.53,142.07,143.23,145.21,143.72,144.38,144.31,143.25,143.1,143.81,,,
20191124,201911240809,レディフォリア,ショウリュウハル,ヒルノマリブ,ベッラヴォルタ,エールヴィオレ,ヴィンチェーレ,,,,,,,,,,,,,92.9,94.22,94.42,93.42,93.07,94.41,,,,,,,,,,,,,62.85,61.49,62.16,63.08,63.12,61.48,,,,,,,,,,,,,36.42,36.02,34.79,36.17,35.92,35.7,,,,,,,,,,,,,0.48,0.58,37.87,56.93,59.82,45.38,40.33,59.67,,,,,,,,,,,,,56.38,38.55,47.33,59.4,59.92,38.42,,,,,,,,,,,,,92.77,93.02,90.51,92.19,91.74,92.49,,,,,,,,,,,,
20191124,201911240810,メリーメーキング,タイキサターン,キアロスクーロ,トライン,スカイパッション,ドルチャーリオ,ベルエスメラルダ,グランドロワ,ボンセルヴィーソ,メイショウハニー,,,,,,,,,96.91,96.78,97.36,96.72,96.0,96.07,95.44,96.95,97.22,94.85,,,,,,,,,60.42,60.82,59.59,59.61,60.89,61.17,60.11,62.77,61.66,61.12,,,,,,,,,35.26,34.71,35.17,36.16,34.92,35.79,36.27,34.24,34.53,36.84,,,,,,,,,0.67,0.93,55.88,54.29,61.4,53.56,44.73,45.59,37.86,56.38,59.69,30.63,,,,,,,,,45.89,50.04,37.28,37.49,50.77,53.67,42.68,70.27,58.75,53.15,,,,,,,,,80.43,79.43,80.87,82.17,79.66,80.63,81.99,77.48,78.62,82.06,,,,,,,,
20191124,201911240811,クイーンズテソーロ,エポック,ヒロブレイブ,ワンダーサジェス,ヴァニラアイス,シャインヴィットゥ,バイラ,スズカコーズライン,ハングリーベン,コウエイエンブレム,テーオージーニアス,ブラックジョー,ヌーディーカラー,メイショウワダイコ,ベック,モズワッショイ,,,97.15,96.47,96.88,97.48,96.53,97.71,96.86,97.04,98.02,93.33,98.04,96.57,97.24,96.7,97.38,96.12,,,61.23,60.89,59.85,60.92,61.02,61.45,60.08,61.41,60.7,61.76,59.9,59.89,60.12,61.63,60.35,60.88,,,34.34,35.85,35.45,34.89,35.02,35.17,35.94,34.81,34.77,37.25,35.45,35.5,35.59,34.4,35.06,35.25,,,1.18,0.42,52.8,46.55,50.32,55.84,47.1,57.95,50.14,51.79,60.8,17.69,60.98,47.47,53.63,48.67,54.92,43.34,,,57.29,52.07,36.11,52.53,54.07,60.67,39.64,60.05,49.16,65.42,36.88,36.73,40.25,63.43,43.78,51.92,,,69.46,71.21,71.56,70.23,70.28,70.13,71.88,69.79,70.27,71.99,71.52,71.58,71.5,69.23,70.81,70.62,,
20191124,201911240812,ラブカンプー,アポロノシンザン,パラダイスガーデン,フミノムーン,ビップライブリー,ライトオンキュー,カラクレナイ,ダイメイフジ,エメラルエナジー,エントリーチケット,アウィルアウェイ,アイラブテーラー,リナーテ,モズスーパーフレア,エイシンデネブ,ニシノラッシュ,ファンタジスト,ダイシンバルカン,96.08,97.25,95.44,97.05,96.93,96.6,96.65,97.62,95.68,96.0,96.06,95.16,97.48,98.22,96.98,96.8,96.82,97.22,62.12,60.71,60.14,59.96,60.42,60.62,61.0,61.0,60.64,60.89,59.5,60.9,60.06,61.64,60.29,61.46,62.58,61.28,33.33,35.01,34.8,34.35,34.16,34.33,34.12,34.27,34.87,34.48,35.26,35.43,34.29,32.8,34.12,34.79,34.13,33.88,0.64,0.6,42.64,57.26,34.65,54.76,53.26,49.14,49.76,61.88,37.65,41.64,42.39,31.15,60.13,69.38,53.89,51.64,51.89,56.88,66.47,48.26,40.9,38.57,44.51,47.09,52.0,52.0,47.35,50.58,32.63,50.71,39.86,60.27,42.83,57.94,72.41,55.62,65.69,68.33,68.51,68.17,67.68,67.71,67.24,67.39,68.24,67.68,69.4,68.62,68.05,65.49,67.73,67.61,66.19,66.81
20191130,201911300609,コンドゥクシオン,ローレリスト,エヴァーガーデン,グランデマーレ,ヒシエレガンス,ダーリントンホール,コスモギンガ,ディアセオリー,サペラヴィ,コスモスタック,アジュバント,アマゾーヌ,,,,,,,91.42,90.61,93.14,93.08,91.1,92.58,92.71,91.79,92.04,92.08,91.76,94.18,,,,,,,62.28,59.26,61.16,59.71,61.05,62.17,61.0,62.84,62.07,58.96,62.16,60.13,,,,,,,37.65,39.3,37.3,37.75,38.27,36.95,37.98,37.15,37.56,38.5,38.67,37.13,,,,,,,0.98,1.68,42.03,33.83,59.44,58.83,38.79,53.77,55.09,45.77,48.3,48.71,45.47,69.97,,,,,,,59.37,36.06,50.73,39.54,49.88,58.52,49.49,63.69,57.75,33.75,58.44,42.78,,,,,,,120.68,126.61,120.64,122.68,122.97,119.12,122.34,119.13,120.62,124.95,123.15,120.95,,,,,,
20191130,201911300610,スズカゴーディー,グラスボイジャー,ガンケン,ウイナーズロード,モルゲンロート,サニーストーム,アルマユディト,クリノレオノール,グラスルーナ,カズマペッピーノ,ベアクアウフ,クーリュ,モズベイビー,ナリノメジャー,クインズラミントン,ギンゴー,,,96.63,96.86,96.56,96.23,96.66,96.06,95.93,96.29,94.74,97.13,95.16,96.98,95.13,96.63,97.7,96.92,,,60.22,62.02,60.63,61.37,60.5,61.84,62.68,61.53,62.13,60.81,62.39,59.93,62.51,61.78,60.66,62.17,,,36.13,34.52,35.52,34.44,35.78,34.5,34.88,35.21,35.67,35.74,34.84,35.46,34.21,34.72,35.39,34.6,,,0.63,0.77,53.51,56.41,52.63,48.48,53.89,46.35,44.71,49.24,29.75,59.8,35.03,57.91,34.65,53.51,66.97,57.16,,,35.99,56.52,40.67,49.11,39.19,54.47,64.05,50.93,57.78,42.72,60.74,32.69,62.11,53.79,41.01,58.23,,,71.68,68.78,70.77,69.16,71.12,68.89,68.67,69.82,69.85,70.86,68.83,71.21,68.12,69.15,70.62,68.75,,
20191130,201911300611,オジュウチョウサン,ヴァントシルム,サンシロウ,エイシンクリック,ネイチャーレット,メイショウテンゲン,レイホーロマンス,チェスナットコート,ベイビーステップ,リッジマン,アルバート,モンドインテロ,ララエクラテール,,,,,,97.0,96.64,96.84,94.28,94.98,96.08,94.51,98.54,95.24,97.4,95.71,96.52,95.29,,,,,,61.81,62.45,60.94,62.22,62.08,61.55,59.92,62.54,59.98,63.28,61.01,62.54,61.57,,,,,,37.02,37.03,37.32,37.3,37.91,36.79,37.04,36.93,37.42,36.96,37.31,37.6,37.72,,,,,,1.51,1.01,57.5,54.57,56.19,35.35,41.05,50.01,37.23,70.03,43.17,60.75,46.99,53.59,43.57,,,,,,51.26,57.63,42.6,55.34,53.94,48.67,32.44,58.52,33.04,65.89,43.29,58.52,48.87,,,,,,218.26,217.87,220.36,219.37,222.52,217.28,219.65,217.3,221.51,216.94,220.26,220.65,221.92,,,,,
20191130,201911300612,タイセイアベニール,スイートセント,アイルチャーム,ビヨンジオール,ナーゲルリング,シンデレラメイク,ホウオウスクラム,イサチルルンルン,シセイタイガ,マリノディアナ,シゲルベンガルトラ,ハイヤーアプシス,シセイヒテン,カワキタピリカ,タイキラトナンジュ,,,,97.22,95.52,96.68,95.91,95.66,95.45,96.9,96.28,96.69,97.02,96.71,95.44,96.52,95.91,95.38,,,,59.66,60.77,60.73,60.23,61.09,61.09,61.08,60.82,59.57,59.81,59.48,61.6,60.04,60.5,60.89,,,,35.2,36.09,33.25,35.89,34.4,35.0,34.97,35.15,35.04,34.52,35.42,34.63,35.48,35.62,35.24,,,,0.41,0.43,65.59,39.11,57.17,45.18,41.29,38.02,60.6,50.94,57.33,62.47,57.64,37.86,54.68,45.18,36.93,,,,37.3,54.27,53.66,46.02,59.16,59.16,59.01,55.03,35.93,39.6,34.55,66.96,43.11,50.14,56.1,,,,68.93,69.08,66.26,69.23,67.17,67.77,67.74,68.1,68.83,68.15,69.27,67.05,68.96,68.79,68.15,,,
20191130,201911300909,ブラヴァス,ミヤビパーフェクト,アドマイヤジョラス,トーラスジェミニ,ドラグーンシチー,ウルクラフト,ダンスディライト,デルニエオール,,,,,,,,,,,94.41,94.19,95.52,94.71,96.24,94.76,94.65,94.29,,,,,,,,,,,61.22,60.54,60.03,60.92,60.97,62.64,61.35,63.26,,,,,,,,,,,36.93,37.16,36.76,36.6,36.0,35.79,36.97,36.34,,,,,,,,,,,0.48,1.15,43.73,40.57,59.68,48.04,70.02,48.76,47.18,42.01,,,,,,,,,,,48.64,42.3,37.54,45.84,46.31,61.87,49.85,67.65,,,,,,,,,,,107.13,108.05,107.6,106.68,105.44,103.88,107.12,104.55,,,,,,,,,,
20191130,201911300910,バーニングペスカ,クリノケンリュウ,カタナ,スズカフェスタ,タガノジーニアス,シンゼンドリーム,ハルクンノテソーロ,メイショウラケーテ,デピュティプライム,キラービューティ,ジャスパープリンス,エルプシャフト,クライシス,セパヌイール,ワンダーアマービレ,アメリカンファクト,,,97.44,96.92,96.14,96.33,96.78,94.83,96.68,96.21,97.46,95.87,97.02,96.51,96.87,95.98,97.2,97.15,,,61.08,60.24,62.1,62.57,61.14,61.12,60.71,62.11,60.05,59.95,62.26,60.8,60.41,60.85,59.75,61.31,,,34.94,35.73,35.41,35.27,35.52,37.03,35.97,35.07,35.42,35.69,34.65,35.74,35.89,35.4,35.48,35.35,,,0.47,0.75,62.5,54.88,43.45,46.24,52.83,24.26,51.36,44.48,62.79,39.5,56.34,48.87,54.15,41.11,58.98,58.25,,,50.6,40.9,62.37,67.8,51.29,51.06,46.33,62.49,38.71,37.56,64.22,47.37,42.87,47.94,35.25,53.25,,,81.9,83.57,81.8,81.27,82.63,84.66,83.55,81.34,83.29,83.73,80.67,83.18,83.66,82.69,83.59,82.29,,
20191130,201911300911,ブレステイキング,ギベオン,ベステンダンク,ロードマイウェイ,ブラックスピネル,ケイアイノーテック,トリオンフ,ハッピーグリン,ステイフーリッシュ,ノーブルマーズ,テリトーリアル,ゴーフォザサミット,,,,,,,96.47,97.08,96.97,96.43,96.24,98.09,97.14,97.6,95.57,96.97,96.25,98.66,,,,,,,60.11,60.61,61.1,60.05,61.78,59.44,59.49,61.97,61.87,61.52,60.39,61.13,,,,,,,36.34,35.69,35.54,35.88,35.86,35.8,36.14,36.94,36.35,36.35,36.16,36.48,,,,,,,0.74,0.82,44.34,51.45,50.17,43.87,41.66,63.22,52.15,57.51,33.85,50.17,41.77,69.86,,,,,,,42.5,48.03,53.45,41.84,60.96,35.09,35.65,63.07,61.96,58.09,45.6,53.78,,,,,,,119.32,117.46,116.77,118.29,117.04,118.52,119.28,119.43,118.12,118.36,118.7,118.94,,,,,,
20191130,201911300912,キングヴァラール,メイショウカササギ,エルズリー,メジャーハリケーン,メディクス,ウインストロベリー,ミヤジシルフィード,エイシンネメシス,メイショウヤシャ,ダブルスプリット,ファイアーボーラー,ワンパーパス,アストロノーティカ,スズカアカデミー,テルモードーサ,,,,95.94,94.09,95.2,95.52,95.72,87.48,95.76,94.24,95.11,95.81,95.84,93.69,96.03,95.48,95.14,,,,61.24,63.12,62.2,61.15,60.27,65.67,62.15,63.46,61.21,62.05,60.98,62.83,59.68,62.1,62.04,,,,36.68,35.5,35.74,35.44,36.0,38.74,34.32,35.85,35.73,36.54,34.89,35.7,36.55,35.14,34.91,,,,4.54,2.07,55.65,46.97,52.17,53.68,54.61,15.96,54.8,47.67,51.75,55.04,55.18,45.09,56.07,53.49,51.89,,,,44.65,57.72,51.32,44.02,37.9,75.45,50.97,60.08,44.44,50.28,42.84,55.7,33.8,50.63,50.21,,,,71.89,69.35,70.25,70.71,71.9,70.74,68.87,69.46,70.96,71.16,70.28,69.76,72.88,69.73,69.53,,,
20191130,201911300709,セントセシリア,ミッキーパパイア,エイシンオズ,アスタービーナス,ロードラナキラ,ノーブルスコア,キャッチミーアップ,アングルティール,レディギャング,ダンシングチコ,サトノコメット,ビッグブルー,セイイーグル,オメガドーヴィル,モズハチキン,ホウオウエックス,ランスマン,メイショウビコーン,94.38,95.66,93.16,95.31,94.06,95.03,95.38,95.13,95.2,96.2,95.96,95.62,96.05,94.53,95.61,91.59,95.78,93.07,62.21,60.98,63.1,61.36,62.46,61.22,61.44,60.73,62.65,60.88,61.57,60.36,61.65,60.59,61.29,63.37,63.25,64.62,36.05,35.33,35.9,35.9,36.13,36.01,35.38,36.42,34.86,35.1,35.53,36.4,35.73,36.87,35.16,36.7,34.93,36.53,1.5,1.33,45.97,56.42,36.01,53.57,43.36,51.28,54.14,52.1,52.67,60.83,58.87,56.1,59.61,47.2,56.01,23.19,57.4,35.28,52.91,42.25,60.63,45.55,55.08,44.33,46.24,40.09,56.73,41.39,47.37,36.88,48.06,38.87,44.94,62.97,61.93,73.8,80.66,80.54,79.85,81.04,80.6,81.28,80.29,82.16,78.77,80.3,80.4,82.39,80.62,82.86,80.1,80.73,78.46,79.65
20191130,201911300710,ユウヒノプリンス,アブソルティスモ,アサケエース,セツメンノトビウオ,メイショウホルダー,ゴルトファルベン,イモータルスモーク,,,,,,,,,,,,92.77,93.78,93.68,93.1,94.0,93.92,92.02,,,,,,,,,,,,62.65,61.05,62.21,61.27,59.55,59.9,60.48,,,,,,,,,,,,36.53,36.81,35.93,37.22,37.2,37.19,38.62,,,,,,,,,,,,0.53,1.31,42.42,56.24,54.87,46.93,59.25,58.15,32.15,,,,,,,,,,,,64.29,50.3,60.45,52.22,37.18,40.24,45.31,,,,,,,,,,,,93.65,95.23,92.95,95.75,96.91,96.65,98.63,,,,,,,,,,,
20191130,201911300711,デルマカルヴァドス,ララメダイユドール,シゲノブ,マンハッタンロック,シゲルポインター,ペイシャボム,ギラーミン,マリオ,マスターフェンサー,ダンツチョイス,ジョースターライト,プレシャスリーフ,ヤマイチジャスティ,モンオール,サンティーニ,ディライトプロミス,,,93.62,93.85,94.93,96.29,94.62,95.06,94.95,94.32,94.62,95.35,94.95,95.32,94.41,93.22,94.12,94.79,,,61.82,61.8,61.07,58.88,61.03,61.25,61.58,60.94,59.19,60.62,61.48,61.6,60.71,60.42,61.72,60.03,,,37.66,37.1,37.18,37.36,37.6,36.81,37.64,37.73,38.15,37.29,37.52,37.59,37.07,37.94,37.05,37.69,,,0.55,0.79,36.11,39.21,53.75,72.07,49.58,55.51,54.02,45.54,49.58,59.41,54.02,59.01,46.75,30.72,42.85,51.87,,,60.52,60.29,52.09,27.49,51.64,54.11,57.82,50.63,30.98,47.04,56.7,58.05,48.05,44.79,59.39,40.41,,,117.93,116.72,117.45,119.49,118.39,116.51,118.06,118.74,120.97,118.03,117.88,117.94,117.48,119.58,116.68,119.34,,
20191130,201911300712,フラッグサルート,レッドルーヴル,レッドクーゲル,サダムラピュタ,ダノンアポロン,ニューポート,ジンゴイスト,イタリアンホワイト,ブレーヴユニコーン,ブラックデビル,アルデエンブレム,アークロイヤル,ウインクリムゾン,コールストーム,シークレットアイズ,ヤマカツシシマル,,,94.64,94.11,93.64,96.71,94.43,93.99,94.96,94.14,93.97,92.19,94.69,93.07,94.53,93.28,93.52,94.48,,,61.96,61.43,61.33,62.23,61.02,61.44,61.52,62.11,62.15,62.51,62.99,61.83,60.86,63.45,61.4,62.74,,,37.47,36.78,37.54,37.12,37.9,36.97,36.84,36.84,37.17,38.2,37.52,37.29,37.29,37.17,37.21,37.02,,,0.97,0.53,55.01,49.63,44.85,76.02,52.87,48.41,58.25,49.93,48.2,30.13,55.51,39.07,53.89,41.2,43.64,53.38,,,50.34,43.02,41.64,54.06,37.37,43.16,44.27,52.41,52.96,57.92,64.55,48.54,35.16,70.89,42.61,61.1,,,133.16,131.69,133.79,132.04,134.96,132.19,131.79,131.38,132.23,134.73,132.59,132.77,133.45,131.33,132.86,131.43,,
20191201,201912010609,ニシオボヌール,マリアズハート,エンゲルヘン,スワーヴアーサー,グッドジュエリー,ナンヨーアミーコ,トワイライトライフ,ビリーバー,ブラッククローバー,レコードチェイサー,プレディクト,タケショウベスト,エンゲージリング,キラーコンテンツ,サウンドマジック,アリンナ,,,96.09,96.14,96.96,96.19,95.81,97.12,96.04,95.77,97.67,95.03,94.72,96.09,96.42,97.1,95.4,95.44,,,61.95,61.21,60.77,60.28,60.15,59.82,61.49,60.54,60.94,61.84,62.22,60.75,61.3,61.27,62.28,61.36,,,34.36,34.58,34.24,35.22,35.12,35.19,34.12,34.98,33.91,33.83,35.66,34.84,33.81,34.39,34.86,34.81,,,0.63,0.53,49.57,50.2,60.49,50.82,46.05,62.5,48.94,45.55,69.4,36.26,32.37,49.57,53.71,62.25,40.91,41.41,,,61.16,51.02,44.99,38.27,36.49,31.96,54.86,41.83,47.32,59.66,64.87,44.71,52.25,51.84,65.69,53.08,,,66.55,67.27,67.22,68.53,68.52,68.81,66.62,68.12,66.78,66.09,67.67,67.84,66.44,67.04,66.84,67.4,,
20191201,201912010610,ディープオーパス,キーフラッシュ,ライジングドラゴン,シベリウス,マイネルツァイト,ダノンロイヤル,グラスブルース,レッドフレイ,グッドラックサマー,ボードウォーク,ベディヴィア,スウィフトレイド,ブライトンロック,ネイビーブルー,オーヴォドーロ,ジェミニズ,,,95.45,96.69,96.07,95.91,94.38,95.55,95.58,96.0,95.58,94.83,94.59,95.59,96.9,94.92,96.82,97.5,,,61.82,59.69,60.72,59.68,59.47,61.76,60.67,60.35,60.37,62.1,61.04,59.72,58.44,63.2,59.02,60.25,,,36.91,37.45,36.56,37.1,38.16,36.94,36.97,37.14,36.59,36.52,37.6,37.69,37.44,37.5,36.05,37.1,,,0.77,1.54,46.33,60.45,53.39,51.57,34.14,47.47,47.81,52.59,47.81,39.27,36.53,47.92,62.84,40.29,61.93,69.67,,,60.49,43.32,51.62,43.24,41.54,60.01,51.22,48.64,48.8,62.75,54.2,43.56,33.24,71.62,37.92,47.83,,,110.15,112.83,110.28,112.14,114.42,110.25,111.13,111.72,110.6,109.16,112.12,113.29,113.75,110.29,110.54,111.71,,
20191201,201912010611,アンフィトリテ,ラヴィングアンサー,カルヴァリオ,シャドウノエル,キングハート,トウショウピスト,ナックビーナス,アルマエルナト,ハウメア,,,,,,,,,,95.22,97.43,96.36,96.09,97.26,96.89,96.52,97.67,96.21,,,,,,,,,,61.53,59.97,61.25,61.28,61.43,60.2,61.92,59.11,61.13,,,,,,,,,,34.14,34.93,35.67,34.2,34.23,34.46,33.27,33.8,34.46,,,,,,,,,,0.59,0.82,31.69,60.44,46.52,43.0,58.22,53.41,48.6,63.56,44.57,,,,,,,,,,57.29,40.09,54.2,54.53,56.18,42.63,61.58,30.62,52.88,,,,,,,,,,66.61,68.45,68.33,66.84,66.77,67.82,65.49,67.9,67.2,,,,,,,,,
20191201,201912010612,カーロバンビーナ,コロンバスデイ,ミルトプレスト,ドリームスピリット,エイプリルミスト,カイザーヴェッター,ホクセンジョウオー,,,,,,,,,,,,95.72,96.07,96.91,96.15,96.68,96.5,95.98,,,,,,,,,,,,59.54,63.01,65.64,62.33,61.47,62.12,61.7,,,,,,,,,,,,37.31,37.64,37.07,37.61,37.91,37.88,37.96,,,,,,,,,,,,0.18,3.39,36.57,44.86,64.75,46.75,59.3,55.04,42.73,,,,,,,,,,,,35.24,54.08,68.36,50.39,45.72,49.25,46.97,,,,,,,,,,,,152.87,151.52,147.91,151.89,153.43,152.9,153.43,,,,,,,,,,,
20191201,201912010909,カリオストロ,グランドデューク,ジャスティンリーチ,カリニート,メデタシメデタシ,イーサンティラノ,カイルアコナ,コスミックエナジー,,,,,,,,,,,94.89,92.6,95.53,94.0,93.55,92.93,94.36,92.07,,,,,,,,,,,62.38,63.08,61.49,62.19,61.3,62.45,62.54,62.88,,,,,,,,,,,34.61,34.95,35.48,34.98,36.3,35.68,34.17,37.14,,,,,,,,,,,1.39,0.39,59.73,40.33,65.15,52.19,48.38,43.13,55.24,35.85,,,,,,,,,,,51.47,62.74,37.14,48.41,34.08,52.6,54.05,59.52,,,,,,,,,,,78.63,78.6,80.39,79.25,81.62,80.0,77.93,81.66,,,,,,,,,,
20191201,201912010910,ユアスイスイ,ブレイズガール,アルジャーノン,トウカイオラージュ,ラミエル,リュニヴェール,マッスルマサムネ,ピースマインド,ガゼボ,インヘリットデール,ブリングイットオン,,,,,,,,94.96,95.64,96.35,95.68,96.05,95.15,96.16,95.98,96.12,95.92,95.03,,,,,,,,63.1,61.21,60.47,60.28,60.42,61.44,61.22,60.58,60.54,60.72,61.64,,,,,,,,34.87,34.89,35.98,35.47,34.7,34.7,34.84,35.83,35.74,35.79,35.3,,,,,,,,0.24,0.67,34.11,48.13,62.76,48.95,56.58,38.02,58.85,55.14,58.02,53.9,35.55,,,,,,,,75.02,51.88,42.82,40.5,42.21,54.7,52.0,44.17,43.68,45.88,57.14,,,,,,,,78.48,79.8,81.75,81.21,80.08,79.38,79.72,81.48,81.38,81.33,80.05,,,,,,,
20191201,201912010911,グロオルロージュ,ワイプティアーズ,レッドラフェスタ,ケンホファヴァルト,シンギュラリティ,テーオービクトリー,アンネリース,サトノグラン,イストワールファム,レッドガラン,,,,,,,,,95.44,96.83,95.45,96.11,95.94,95.7,95.54,96.71,95.84,95.72,,,,,,,,,60.72,59.48,58.5,62.07,60.56,59.87,59.75,59.53,59.1,60.0,,,,,,,,,36.37,35.88,36.97,36.13,36.65,36.15,36.73,36.6,36.35,36.36,,,,,,,,,0.24,0.97,40.08,68.33,40.28,53.7,50.24,45.37,42.11,65.89,48.21,45.77,,,,,,,,,57.74,45.15,35.2,71.44,56.11,49.11,47.89,45.65,41.29,50.43,,,,,,,,,106.35,106.22,109.07,104.95,107.02,106.49,107.73,107.62,107.41,106.82,,,,,,,,
20191201,201912010912,ラホーヤノキセキ,メイショウジーク,ナムラムート,サンビショップ,テーオーソルジャー,ロマンチスト,イメル,スターペスマリア,ツウカイウイング,ブルヴェルソン,ヒップホップスワン,レッドランサー,ニホンピロマドン,ガウル,ファビュラスギフト,ヤマニンブルーベル,,,95.77,96.11,96.75,97.24,96.41,96.47,96.19,97.16,96.89,93.12,96.58,97.02,95.46,96.79,95.55,94.74,,,63.11,61.28,61.7,60.63,62.18,61.26,62.02,60.24,60.49,65.83,60.99,60.72,61.69,60.54,60.39,61.61,,,35.49,35.34,34.56,35.45,35.64,35.03,34.8,34.88,35.74,36.17,34.84,34.94,37.04,34.28,34.29,34.62,,,1.12,1.91,46.5,49.71,55.76,60.39,52.55,53.11,50.47,59.64,57.08,21.45,54.15,58.31,43.57,56.14,44.42,36.76,,,61.35,48.1,51.14,43.39,54.61,47.96,53.46,40.57,42.38,81.04,46.0,44.05,51.07,42.74,41.66,50.49,,,69.34,70.52,69.44,71.1,70.16,70.22,69.44,70.81,71.49,68.06,70.22,70.52,71.92,69.99,70.11,69.56,,
20191201,201912010709,シゲルジルコン,アクティーボミノル,ハーキーステップ,シトラスノキセキ,シエルブラン,ブラウンローズ,ピュアドリーマー,スマイルスター,スキップ,サンキューユウガ,ノーブルワークス,ナタラディーヴァ,コハルビヨリ,エピックガール,ファルトレク,バカラクイーン,ブールバール,サウンドオブビット,95.56,94.61,95.08,94.24,94.76,95.04,93.51,96.07,95.86,96.09,95.06,94.59,93.0,94.59,94.48,95.08,93.69,94.76,61.78,62.95,63.37,61.21,61.76,62.18,62.48,62.22,61.19,61.08,60.17,62.01,62.82,61.36,61.1,60.86,63.2,60.64,34.32,34.73,35.92,35.62,34.82,34.38,34.54,34.78,34.67,34.45,35.34,34.46,36.64,35.33,35.34,34.1,34.1,35.44,0.7,0.85,59.29,47.95,53.56,43.54,49.74,53.08,34.82,65.38,62.87,65.62,53.32,47.71,28.74,47.71,46.4,53.56,36.97,49.74,49.79,62.5,67.06,43.61,49.58,54.14,57.39,54.57,43.39,42.2,32.32,52.29,61.08,45.24,42.41,39.81,65.21,37.42,67.21,66.82,67.72,68.89,67.72,67.0,66.95,67.36,67.96,67.81,69.32,67.19,68.81,68.5,68.69,67.61,66.02,69.1
20191201,201912010710,フィールインラヴ,トウカイシェーン,ジャックローズ,トーセンスーリヤ,ケージーキンカメ,ブラックジェイド,エレクトロニカ,メガフレア,コーカス,マユキ,,,,,,,,,94.09,93.26,95.23,95.48,94.27,94.04,93.68,94.1,95.06,92.68,,,,,,,,,60.7,62.46,60.36,59.93,62.75,64.22,62.27,61.25,59.45,63.13,,,,,,,,,37.41,37.0,36.7,36.84,37.15,36.48,36.73,37.11,37.12,37.42,,,,,,,,,0.77,2.4,48.87,39.43,61.84,64.69,50.92,48.31,44.21,48.99,59.91,32.83,,,,,,,,,43.85,55.22,41.65,38.88,57.09,66.59,53.99,47.4,35.78,59.55,,,,,,,,,121.41,119.23,119.99,120.61,119.38,116.8,118.73,120.32,121.6,119.75,,,,,,,,
20191201,201912010711,タイムフライヤー,モズアトラクション,チュウワウィザード,インティ,クリソベリル,オメガパフューム,ワンダーリーデル,ウェスタールンド,サトノティターン,ミツバ,ゴールドドリーム,キングズガード,ワイドファラオ,テーオーエナジー,ロンドンタウン,ヴェンジェンス,,,98.03,97.71,96.63,96.57,95.63,96.77,97.85,97.64,98.7,96.46,97.65,98.5,97.33,95.94,96.88,98.68,,,59.95,58.54,60.32,61.2,60.02,59.21,58.34,58.28,59.01,61.13,58.92,59.17,60.95,62.19,60.44,59.91,,,36.36,36.83,38.22,36.63,38.0,37.5,36.04,36.71,37.17,37.77,36.65,35.94,35.62,36.73,36.73,35.17,,,0.89,1.31,57.63,54.24,42.78,42.14,32.17,44.26,55.72,53.49,64.74,40.98,53.6,62.62,50.21,35.46,45.43,64.53,,,50.88,38.57,54.12,61.8,51.5,44.42,36.82,36.3,42.67,61.19,41.89,44.07,59.62,70.45,55.16,50.53,,,110.46,112.46,113.9,110.05,113.68,113.29,111.03,112.41,112.79,112.38,111.82,110.21,108.22,109.51,110.83,108.11,,
20191201,201912010712,ランバージャック,サウスザスナイパー,エルモンストロ,クリムズンフラッグ,ケイアイターコイズ,ラブリーイレブン,ケワロス,リシュブール,オーパキャマラード,エムオータイショウ,コールドターキー,ティアップサンダー,リスペクタブル,キタサンタイドー,オンザロックス,リードザウインド,,,95.07,94.76,95.77,95.42,96.63,95.95,95.93,93.77,94.87,94.98,95.71,96.58,95.54,95.71,95.47,95.35,,,60.57,62.16,60.28,62.3,60.7,60.47,60.53,61.44,61.8,62.1,61.23,60.73,61.2,61.86,59.83,60.02,,,36.87,37.39,36.91,35.91,35.47,36.0,35.11,37.55,35.09,34.84,36.69,35.8,36.3,36.34,37.45,36.16,,,0.49,0.63,44.31,39.9,54.28,49.3,66.52,56.84,56.56,25.81,41.47,43.03,53.43,65.81,51.01,53.43,50.01,48.3,,,43.64,63.61,40.0,65.36,45.28,42.39,43.14,54.57,59.09,62.85,51.93,45.65,51.55,59.84,34.35,36.74,,,85.44,84.97,85.71,82.89,83.48,84.35,83.12,85.71,82.17,81.61,84.72,83.89,84.22,83.79,86.76,84.9,,
20191207,201912070609,デルマガーネット,ジュニパーベリー,オウサマプリン,プリンスチャーム,デンタルバルーン,カインドリー,アスタウンデッド,ニルカンタテソーロ,コスモカッティーボ,エコロアーサー,コパノビアンカ,ガッツ,,,,,,,93.56,94.4,92.26,94.43,92.73,93.96,92.9,92.34,94.96,91.63,93.86,92.22,,,,,,,62.14,63.35,63.8,61.95,61.99,61.01,62.47,62.19,62.3,63.37,61.74,62.59,,,,,,,35.84,34.33,36.57,34.45,35.3,36.72,35.52,35.6,34.81,36.43,35.4,37.37,,,,,,,1.14,0.61,52.71,60.6,40.51,60.88,44.93,56.47,46.52,41.27,65.85,34.6,55.53,40.14,,,,,,,46.56,62.06,67.83,44.13,44.64,32.09,50.79,47.2,48.61,62.32,41.44,52.33,,,,,,,67.9,65.59,67.53,66.64,67.47,69.54,67.36,67.63,66.77,67.67,67.73,69.13,,,,,,
20191207,201912070610,マンカストラップ,ヤマニンレジスタ,プレディクト,ブラックランナー,マイネルラック,ベルクリア,ヒデノヴィーナス,アスタースウィング,シャワーブーケ,スリーランディア,タマモコーラス,ロードエース,サニーダンサー,ウォリアーズクロス,サザンヴィグラス,リュウノユキナ,,,96.83,97.82,94.99,97.06,96.23,96.17,96.21,97.45,97.22,95.87,97.22,96.66,96.77,96.64,96.67,98.03,,,61.69,61.28,62.04,60.58,60.78,60.78,60.66,60.58,61.36,60.75,60.23,61.64,62.24,60.78,60.14,62.12,,,34.65,34.33,35.24,35.07,35.59,35.28,34.81,34.91,34.38,35.26,34.75,34.6,33.65,35.73,35.88,34.04,,,0.57,0.45,51.19,64.25,26.91,54.22,43.27,42.48,43.01,59.37,56.33,38.52,56.33,48.94,50.4,48.68,49.08,67.02,,,58.71,52.63,63.91,42.23,45.2,45.2,43.42,42.23,53.81,44.76,37.04,57.97,66.88,45.2,35.7,65.1,,,69.14,69.11,69.49,70.35,70.73,70.43,70.04,70.2,69.11,70.43,70.29,69.13,67.75,70.87,71.48,68.23,,
20191207,201912070611,ラビットラン,マイネルユキツバキ,エアアンセム,イーグルフェザー,マリームーン,クラウンディバイダ,ノーブルサターン,リーゼントロック,メイショウスミトモ,ヨシオ,メイショウワザシ,ナムラカメタロー,ローズプリンスダム,クラシックメタル,ダッシングブレイズ,コパノチャーリー,,,96.23,96.43,96.16,96.21,95.82,95.5,97.7,95.49,97.16,95.26,96.63,96.32,97.13,97.26,96.32,96.52,,,61.27,59.73,60.56,59.37,60.27,62.63,60.03,61.82,61.81,61.64,60.42,60.07,60.25,60.31,60.6,62.51,,,37.04,37.13,36.12,36.59,36.04,35.74,36.45,36.71,36.67,37.15,36.8,36.14,36.53,37.19,36.64,36.34,,,0.47,0.98,47.75,50.68,46.73,47.46,41.76,37.08,69.25,36.93,61.35,33.57,53.6,49.07,60.91,62.81,49.07,51.99,,,54.45,38.85,47.26,35.21,44.32,68.22,41.89,60.02,59.92,58.2,45.84,42.3,44.12,44.73,47.66,67.01,,,110.82,112.17,109.52,111.35,109.58,107.2,110.58,109.75,109.68,110.76,110.99,109.92,110.57,111.85,110.52,108.49,,
20191207,201912070612,バケットリスト,トゥーフラッシー,エトワール,クラサーヴィツァ,ジャコマル,サトノルーラー,グレンガリー,スワンボート,パルクデラモール,ダイイチターミナル,エターナルヴィテス,シークレットラン,,,,,,,94.51,94.55,94.63,93.21,94.29,95.25,95.76,94.08,95.46,95.74,95.04,95.32,,,,,,,60.78,60.36,60.06,61.16,62.57,58.5,61.59,61.34,61.17,61.07,61.03,60.67,,,,,,,36.87,36.96,36.85,37.29,36.55,37.24,36.32,37.11,36.38,36.5,36.81,36.59,,,,,,,0.57,0.95,45.89,46.42,47.48,28.64,42.97,55.71,62.47,40.18,58.49,62.21,52.92,56.63,,,,,,,49.2,44.89,41.81,53.1,67.56,25.8,57.51,54.94,53.2,52.17,51.76,48.07,,,,,,,119.89,120.39,120.34,120.61,117.92,122.33,118.05,120.07,118.48,118.83,119.58,119.32,,,,,,
20191207,201912070909,ケヴィン,リメンバーメモリー,ディアスティマ,メイショウラツワン,エイシンタンチョウ,チュウワノキセキ,ミッキーメテオ,パンサラッサ,ヒュッゲ,フルートフルデイズ,アカイイト,,,,,,,,92.7,93.29,94.81,92.34,92.44,92.93,93.14,91.38,93.27,93.26,93.63,,,,,,,,61.11,60.27,61.41,60.36,62.98,59.49,60.64,62.34,61.39,62.17,59.06,,,,,,,,37.5,37.85,36.15,37.96,36.36,37.91,37.45,37.86,37.18,36.85,37.59,,,,,,,,0.74,1.45,46.31,53.17,70.86,42.12,43.28,48.98,51.43,30.94,52.94,52.83,57.13,,,,,,,,50.75,43.78,53.24,44.52,66.26,37.31,46.85,60.95,53.07,59.54,33.74,,,,,,,,121.33,122.73,117.97,122.93,117.38,123.41,121.54,121.32,120.39,119.08,122.96,,,,,,,
20191207,201912070910,レイエスプランドル,スズカロング,ウォーターパルフェ,ヴィッセン,ショウリュウイクゾ,フォーラウェイ,メイショウタカトラ,ジャーミネイト,セントウル,ピボットポイント,ウェディングベール,,,,,,,,94.64,95.84,94.53,94.92,94.71,94.14,95.76,94.58,96.72,94.84,95.54,,,,,,,,62.24,60.91,60.95,62.93,60.89,61.18,61.75,59.49,61.8,62.6,62.74,,,,,,,,36.82,36.82,37.16,36.54,36.92,37.13,37.14,37.41,36.27,37.06,37.36,,,,,,,,0.58,1.06,43.81,59.59,42.36,47.49,44.73,37.23,58.54,43.02,71.16,46.44,55.64,,,,,,,,56.33,43.39,43.78,63.04,43.2,46.02,51.57,29.58,52.05,59.83,61.19,,,,,,,,131.24,132.15,133.04,130.02,132.44,132.8,132.43,134.71,130.08,131.63,132.33,,,,,,,
20191207,201912070911,アドマイヤアルバ,ウインストラグル,マイネルフラップ,コスモイグナーツ,シャイニービーム,プラチナムバレット,ランスオブプラーナ,メイケイダイハード,フロンティア,レインボーフラッグ,キョウヘイ,エントシャイデン,ストロングタイタン,ブルベアトリュフ,カリビアンゴールド,サウンドキアラ,,,96.06,96.69,96.22,95.76,96.22,95.87,94.75,96.45,96.64,97.32,95.37,96.86,95.88,96.45,96.16,97.42,,,60.91,61.33,61.2,61.9,60.94,61.25,62.51,60.95,60.85,59.84,61.21,59.7,61.66,60.54,61.16,59.77,,,36.03,34.26,35.83,35.51,35.91,36.2,36.26,34.65,34.98,35.43,36.25,35.74,36.0,35.82,36.12,35.43,,,0.46,0.57,47.09,56.38,49.45,42.67,49.45,44.29,27.78,52.84,55.64,65.66,36.92,58.88,44.44,52.84,48.56,67.14,,,49.04,54.59,52.87,62.12,49.44,53.53,70.17,49.57,48.25,34.91,53.0,33.06,58.95,44.16,52.34,33.99,,,93.53,90.29,93.0,91.98,93.31,93.58,92.82,91.2,91.82,93.26,93.69,93.87,92.97,93.43,93.51,93.31,,
20191207,201912070912,ヨキニハカラエ,ミヤジシルフィード,セカンドエフォート,ホウオウエックス,ハッピーゴラッキー,アヴォンリー,テーオーパートナー,アタミ,スペシャルボス,エールショー,エスケーアタランタ,ジョイナイト,ドウドウキリシマ,,,,,,94.65,95.76,96.21,93.18,94.68,93.79,93.36,95.36,91.83,95.46,94.14,93.72,95.83,,,,,,63.04,61.6,60.95,63.29,61.34,63.33,62.74,62.2,62.91,61.48,62.25,61.85,62.41,,,,,,36.62,34.8,36.16,36.08,36.34,35.35,36.8,35.92,38.22,36.3,36.21,36.66,36.09,,,,,,1.62,0.61,51.5,60.23,63.77,39.94,51.74,44.73,41.35,57.09,29.32,57.87,47.49,44.18,60.78,,,,,,60.01,41.51,33.16,63.23,38.17,63.74,56.16,49.22,58.34,39.97,49.86,44.72,51.92,,,,,,82.73,81.34,83.63,81.83,83.58,80.83,83.19,82.4,84.96,83.43,82.75,83.64,82.48,,,,,
20191207,201912070709,サウスブルーグラス,セイカヤマノ,ユイノチョッパー,ゴールデンライオン,デクレアラー,ノイーヴァ,ルリジオン,ラブリロンリロンス,ディープスピリッツ,シールドヴォルト,イルルーメ,アイタイ,,,,,,,94.13,93.45,94.46,94.37,95.26,93.52,93.53,94.34,94.16,94.57,93.83,94.39,,,,,,,61.79,59.77,60.45,61.61,61.32,60.24,63.31,63.24,61.7,60.66,61.9,61.92,,,,,,,37.21,37.64,37.78,37.28,36.53,37.85,36.79,36.55,37.29,37.67,36.69,37.4,,,,,,,0.27,1.2,49.28,36.3,55.58,53.87,70.86,37.64,37.83,53.29,49.86,57.69,43.56,54.25,,,,,,,52.72,34.27,40.48,51.07,48.43,38.56,66.59,65.95,51.89,42.4,53.72,53.9,,,,,,,110.77,113.15,112.92,111.05,109.77,113.22,108.78,108.36,111.0,112.54,109.65,111.05,,,,,,
20191207,201912070710,メルテッドハニー,サノハニー,ソーユーフォリア,フェアレストアイル,バトルカグヤ,フィオリキアリ,ハニーリン,カイトレッド,ザイラ,ペコリーノロマーノ,ピュアカラー,イッツアワターン,シュルルヴァン,リネンファッション,,,,,94.22,92.91,93.66,95.26,93.8,93.25,93.05,94.39,93.33,94.52,94.45,92.81,93.76,93.73,,,,,61.72,60.73,59.7,60.44,61.01,60.07,62.32,60.63,62.36,61.99,61.44,62.42,61.58,59.83,,,,,36.09,37.54,37.12,35.77,36.45,37.56,36.38,36.25,35.85,35.36,35.78,36.68,35.51,37.13,,,,,0.5,0.9,56.01,37.46,48.08,70.74,50.06,42.27,39.44,58.42,43.4,60.26,59.27,36.04,49.49,49.07,,,,,55.9,45.47,34.63,42.42,48.42,38.52,62.21,44.42,62.64,58.74,52.95,63.27,54.42,36.0,,,,,81.05,83.65,83.8,81.49,82.01,84.13,81.02,82.0,80.29,79.89,80.83,81.36,80.37,83.72,,,,
20191207,201912070711,ロードヴァンドール,メイショウエイコウ,カヴァル,サトノガーネット,ランドネ,アイスバブル,アイスストーム,アドマイヤジャスタ,ラストドラフト,ジェシー,タニノフランケル,ショウナンバッハ,サトノソルタス,パリンジェネシス,ミスマンマミーア,マイネルサーパス,,,95.78,97.37,95.39,95.52,94.54,98.39,96.18,95.12,95.18,95.93,95.2,95.88,95.3,98.39,94.35,95.81,,,62.76,60.21,58.6,59.44,62.13,60.82,59.83,62.31,60.96,61.94,62.3,59.05,59.74,61.67,60.46,60.52,,,36.33,37.21,37.24,37.08,36.24,36.54,36.19,36.49,36.72,36.0,35.98,37.02,37.25,37.09,37.36,36.46,,,1.42,1.64,49.03,62.37,45.76,46.85,38.62,70.93,52.39,43.49,43.99,50.29,44.16,49.87,45.0,70.93,37.03,49.28,,,65.34,45.42,32.84,39.41,60.42,50.19,42.45,61.82,51.28,58.93,61.75,36.36,41.75,56.83,47.37,47.84,,,117.46,121.28,122.46,121.51,117.69,119.29,119.16,118.14,119.62,117.25,116.96,121.64,121.7,119.99,121.45,119.32,,
20191207,201912070712,レッドルチア,マルカテノール,フジマサアクトレス,メイショウツバキ,サンノゼテソーロ,ダノンハイパワー,ヤマニンペダラーダ,ノボリレーヴ,レジーナファースト,ウィズ,ディアボレット,ブラックダンサー,ジューンシルフィア,ザイツィンガー,ノヴァルーナ,オフクヒメ,シグナライズ,ワールドフォーラブ,97.16,96.69,97.61,95.86,95.41,96.43,96.11,95.27,96.24,96.84,95.59,94.76,95.18,95.77,96.75,95.49,96.86,96.79,60.59,61.55,59.21,61.04,61.13,60.5,60.28,60.72,60.54,61.26,60.71,61.54,60.2,60.08,60.83,60.85,60.52,60.24,34.58,34.39,34.15,35.15,35.61,35.38,36.03,35.0,34.73,34.3,35.27,34.95,36.17,35.42,33.61,35.22,34.42,34.56,0.61,0.32,62.8,56.81,68.54,46.22,40.49,53.49,49.41,38.7,51.07,58.72,42.78,32.2,37.55,45.08,57.57,41.51,58.98,58.08,48.85,65.88,24.36,56.83,58.43,47.25,43.35,51.15,47.96,60.74,50.98,65.71,41.93,39.8,53.11,53.46,47.6,42.64,68.28,67.43,68.79,68.54,68.94,69.14,69.94,68.61,68.46,67.54,68.88,68.0,70.14,69.47,67.15,68.74,68.17,68.49
20191208,201912080609,インザバブル,データヴァリュー,オーケストラ,プライムコード,セイヴァリアント,カナシバリ,ツブラナヒトミ,ブリッツェンシチー,ゴールドブラッド,スピアザゴールド,ダイワドノヴァン,フィードバック,クアトレフォイル,フーズサイド,セイウンオフロード,トミケンエンデレア,,,96.1,96.5,96.02,96.66,96.38,95.64,95.69,95.27,95.95,95.32,95.94,94.79,95.83,95.3,96.06,97.21,,,62.02,59.65,59.59,59.91,58.7,59.31,61.18,61.27,61.27,60.69,61.67,60.26,63.43,60.32,60.43,59.92,,,36.63,37.45,37.25,37.05,37.27,38.0,36.49,37.76,36.64,37.96,37.33,38.13,36.74,38.85,38.08,37.43,,,0.36,1.38,53.06,59.72,51.73,62.39,57.72,45.4,46.23,39.24,50.56,40.07,50.4,31.24,48.56,39.73,52.39,71.55,,,62.06,41.92,41.41,44.13,33.84,39.03,54.92,55.68,55.68,50.75,59.08,47.1,74.04,47.61,48.54,44.21,,,109.43,112.86,112.51,111.87,113.22,114.22,109.79,112.26,110.02,113.1,111.1,113.76,108.6,115.16,113.53,112.62,,
20191208,201912080610,シャドウディーヴァ,アドマイヤスコール,ウインガナドル,コスモカレンドゥラ,プレシャスブルー,オウケンブラック,サトノエルドール,オハナ,ハナズレジェンド,ナイママ,,,,,,,,,97.94,97.14,97.15,96.97,97.64,96.36,97.55,96.43,98.51,98.63,,,,,,,,,60.38,61.55,61.49,60.33,60.33,63.52,58.7,60.36,60.03,61.77,,,,,,,,,36.55,36.59,36.73,36.74,37.2,36.44,37.2,36.7,36.91,36.49,,,,,,,,,0.6,1.69,56.53,46.25,46.37,44.06,52.67,36.22,51.52,37.12,63.86,65.4,,,,,,,,,46.41,55.42,54.96,46.03,46.03,70.6,33.47,46.26,43.72,57.12,,,,,,,,,107.24,106.51,106.83,107.65,108.57,104.86,109.69,107.55,108.2,106.16,,,,,,,,
20191208,201912080611,ドリュウ,ビップライブリー,ヒザクリゲ,ゴールドクイーン,ハングリーベン,ダノングッド,コパノキッキング,シャインヴィットゥ,オウケンビリーヴ,レッドアネラ,ハニージェイド,テーオージーニアス,タテヤマ,シュウジ,ヒロシゲゴールド,オールドベイリー,,,96.56,96.97,97.38,97.96,97.36,96.37,98.2,96.5,95.62,97.77,97.26,98.34,97.59,97.57,98.12,96.9,,,58.3,61.14,61.4,61.82,60.33,61.71,60.16,61.37,61.25,61.11,58.69,59.06,60.76,61.53,60.39,61.14,,,36.78,34.26,34.91,35.04,34.62,36.28,35.16,35.45,35.12,33.64,36.1,35.51,34.82,34.28,34.46,34.36,,,0.57,1.18,40.46,45.9,51.33,59.03,51.07,37.94,62.21,39.66,27.99,56.51,49.74,64.07,54.12,53.85,61.15,44.97,,,28.51,54.65,57.04,60.91,47.19,59.89,45.63,56.76,55.66,54.37,32.1,35.51,51.15,58.24,47.75,54.65,,,73.69,69.15,69.61,69.44,70.08,70.76,70.75,70.17,69.92,68.55,72.73,71.88,69.98,68.89,69.88,69.25,,
20191208,201912080612,ラストプリマドンナ,トゥザフロンティア,インテンスライト,エミーリオ,コスモヨハネ,レッドイリーゼ,スズカヴァンガード,ミモザイエロー,ユナカイト,テンワールドレイナ,ロジスカーレット,アシェット,クインズサン,ルプリュフォール,アイスフィヨルド,ロードプレミアム,,,97.34,97.09,96.9,97.39,97.7,96.68,95.18,96.93,96.55,96.51,97.37,96.66,97.31,96.31,97.4,97.2,,,61.07,60.99,59.83,60.7,59.75,59.89,60.13,60.82,60.02,60.13,61.2,60.32,59.95,60.6,60.04,59.48,,,35.14,35.74,36.52,35.76,35.59,36.3,38.05,36.21,35.78,35.77,36.03,36.67,35.82,36.39,36.02,37.05,,,0.37,0.27,57.13,53.01,49.88,57.95,63.06,46.25,21.54,50.37,44.11,43.45,57.62,45.92,56.63,40.16,58.11,54.82,,,64.6,63.07,40.85,57.52,39.32,42.0,46.6,59.82,44.49,46.6,67.09,50.24,43.15,55.6,44.88,34.15,,,92.13,93.18,95.28,93.42,93.79,94.87,97.62,94.09,93.92,93.83,93.52,95.2,94.03,94.54,94.31,96.41,,
20191208,201912080909,バイマイサイド,オブリゲーション,バレリオ,スヴァルナ,イペルラーニオ,サウンドバーニング,エーティーラッセン,ドゥーカ,ハウエバー,トーセンカンビーナ,ルナステラ,バイオスパーク,レジェンドセラー,,,,,,97.64,97.07,97.15,96.53,98.15,97.81,97.09,97.49,97.48,97.19,97.72,96.39,97.72,,,,,,60.28,61.17,60.14,59.93,61.71,63.44,61.33,60.86,60.5,60.07,60.08,60.04,61.67,,,,,,37.41,37.2,37.41,37.61,36.97,35.86,37.38,36.47,37.04,37.03,36.57,37.58,37.19,,,,,,0.25,1.01,55.93,44.63,46.22,33.92,66.05,59.31,45.03,52.96,52.76,47.01,57.52,31.14,57.52,,,,,,44.19,53.06,42.8,40.71,58.43,75.66,54.65,49.97,46.39,42.1,42.2,41.81,58.03,,,,,,146.14,144.9,146.23,146.98,143.85,139.33,145.33,142.93,144.88,145.14,143.76,146.82,144.53,,,,,
20191208,201912080910,メイショウササユリ,ロードグラディオ,タガノグルナ,グレースゼット,エネスク,シロニイ,エオリア,グアン,ミスズフリオーソ,スズカフリオーソ,ニューホープ,ビルジキール,,,,,,,96.12,95.05,96.46,97.03,96.63,96.11,96.55,96.29,96.73,96.43,92.81,98.01,,,,,,,61.63,61.98,63.75,61.55,61.55,61.08,60.88,61.64,61.74,63.13,62.93,61.0,,,,,,,37.43,37.1,36.68,36.61,37.1,37.68,37.33,36.84,36.72,35.65,38.96,36.45,,,,,,,1.59,0.81,49.48,41.0,52.18,56.7,53.53,49.41,52.89,50.83,54.32,51.94,23.25,64.47,,,,,,,46.95,50.83,70.47,46.06,46.06,40.85,38.63,47.06,48.17,63.59,61.37,39.96,,,,,,,111.52,110.6,108.42,109.94,110.92,112.44,111.89,110.34,110.02,106.83,113.6,110.04,,,,,,
20191208,201912080911,ヤマカツマーメイド,カワキタアジン,ウーマンズハート,レシステンシア,ボンボヤージ,クリスティ,ロータスランド,オータムレッド,マルターズディオサ,クラヴァシュドール,ルーチェデラヴィタ,ヒメサマ,ジェラペッシュ,スウィートメリナ,リアアメリア,エレナアヴァンティ,,,96.51,95.31,95.32,96.41,93.91,95.59,94.56,94.77,95.54,96.46,94.54,94.82,95.59,95.39,95.2,95.44,,,61.82,60.19,58.29,62.05,60.37,59.36,59.44,60.24,59.65,58.64,59.81,62.31,60.24,59.92,59.54,62.31,,,35.64,35.96,37.92,34.84,37.02,37.18,37.07,36.73,36.9,36.63,37.57,34.94,36.8,36.23,37.02,35.14,,,0.52,1.55,66.24,49.65,49.79,64.86,30.31,53.52,39.29,42.19,52.83,65.55,39.01,42.88,53.52,50.76,48.13,51.45,,,62.52,49.43,34.17,64.37,50.87,42.76,43.4,49.83,45.09,36.98,46.38,66.45,49.83,47.26,44.21,66.45,,,92.26,93.9,98.46,90.77,95.55,96.5,96.27,95.16,95.84,96.08,96.84,90.76,95.27,94.54,96.12,91.09,,
20191208,201912080912,クインズマラクータ,クリノキング,ホイールバーニング,ヒルノサルバドール,キクノウェスター,ヨドノビクトリー,ピラミッドファラオ,ホープフルスター,クラシコ,サンシャーロット,メイショウラビエ,アッティーヴォ,サンライズカラマ,ケルティックソード,メイショウキタグニ,ジャスティン,,,96.62,95.85,96.24,97.18,94.82,97.19,95.35,96.14,97.64,95.7,95.42,96.35,97.26,96.41,96.67,96.77,,,60.16,62.37,60.01,60.92,62.46,60.82,61.68,61.03,60.88,60.98,59.8,60.67,59.89,60.8,61.49,61.82,,,35.68,35.88,35.73,36.14,36.84,35.56,36.4,35.7,35.53,36.27,36.41,35.42,35.91,36.43,34.97,34.91,,,0.61,0.66,53.44,43.6,48.59,60.6,30.43,60.73,37.21,47.31,66.48,41.68,38.1,49.99,61.63,50.76,54.08,55.36,,,39.85,67.0,38.01,49.19,68.1,47.96,58.52,50.54,48.69,49.92,35.43,46.12,36.53,47.71,56.19,60.24,,,83.56,82.23,83.73,83.62,83.44,82.92,83.42,82.96,82.84,83.75,84.79,82.84,84.06,84.1,81.65,81.33,,
20191208,201912080709,メイスンハナフブキ,ロカマドール,ブルスクーロ,タニノミッション,ヴィルトゥース,チャリオット,プリミエラムール,マリノスピカ,オーロスターキス,ホッコーメヴィウス,エイシンゾーン,カーサデルシエロ,トロシュナ,メイショウコミチ,アングレーム,ギンコイエレジー,エイカイマドンナ,ファストライフ,94.36,95.61,97.34,96.72,97.08,94.61,96.72,94.36,93.15,95.58,96.19,97.59,96.18,96.29,96.12,96.75,96.41,97.26,62.98,60.81,60.74,61.35,60.5,63.11,61.2,63.1,63.67,60.57,60.62,60.38,60.58,61.18,60.99,60.84,61.02,60.29,35.89,35.7,35.53,35.39,36.88,34.93,36.05,36.72,35.56,35.57,34.92,34.91,36.55,35.06,35.24,36.51,35.09,36.6,1.46,1.17,36.27,46.62,60.95,55.82,58.8,38.34,55.82,36.27,26.24,46.37,51.43,63.03,51.34,52.26,50.85,56.07,53.25,60.29,65.25,45.2,44.56,50.19,42.34,66.45,48.8,66.35,71.62,42.99,43.45,41.23,43.08,48.62,46.86,45.48,47.14,40.4,79.92,81.14,80.97,80.37,82.93,78.55,81.35,80.94,79.01,81.14,80.24,80.39,82.44,80.04,80.41,82.21,80.19,82.7
20191208,201912080710,ハヤブサレジェンド,バーンスター,スパイスマジック,フィルストバーン,ハクサンペリー,ライデンバローズ,トーセンヴィータ,タイセイストーム,オールウェイズゼア,マヤノフロスティ,ゲンパチルシファー,,,,,,,,95.81,95.08,96.16,96.62,96.03,95.49,96.93,95.11,96.16,93.48,96.01,,,,,,,,61.04,60.16,62.05,60.98,62.57,60.87,61.08,62.13,59.88,63.64,60.86,,,,,,,,36.02,37.83,36.21,37.24,37.35,37.91,36.12,37.16,37.15,37.17,37.69,,,,,,,,0.87,1.22,51.0,43.18,54.76,59.69,53.36,47.57,63.01,43.5,54.76,26.03,53.15,,,,,,,,46.85,38.87,56.01,46.31,60.72,45.31,47.21,56.73,36.34,70.42,45.22,,,,,,,,108.96,113.24,108.57,111.44,110.46,112.86,109.12,110.41,112.09,109.29,112.43,,,,,,,
20191208,201912080711,ミュージアムヒル,テンクウ,ジョーアラビカ,メモリーコロネット,ボーダーオブライフ,ワンアフター,アクアミラビリス,エンヴァール,インスピレーション,テルメディカラカラ,アンリミット,デスティニーソング,ドゴール,ドルチャーリオ,グランドロワ,アバルラータ,,,97.11,96.57,97.88,98.77,97.1,97.71,97.07,97.29,96.18,97.42,97.75,97.42,96.35,97.28,98.06,97.31,,,59.9,60.81,59.78,60.35,60.18,59.72,59.82,61.9,60.41,61.44,59.95,59.84,62.04,61.79,62.44,59.63,,,36.08,35.37,35.94,34.83,35.95,35.12,36.46,35.74,36.16,34.96,35.77,35.89,35.16,35.45,34.03,35.8,,,0.42,0.94,46.61,38.26,58.51,72.26,46.46,55.88,45.99,49.39,32.24,51.4,56.5,51.4,34.86,49.24,61.29,49.7,,,42.51,51.91,41.27,47.16,45.4,40.65,41.69,63.17,47.78,58.42,43.03,41.89,64.61,62.03,68.74,39.73,,,82.27,80.71,82.17,80.3,81.91,81.12,82.84,80.46,82.04,79.73,81.82,82.06,79.59,80.14,77.81,82.09,,
20191208,201912080712,ジャッキー,ノストラダムス,ガロシェ,カラル,オーデットエール,リッカローズ,エフティイーリス,レッドエンヴィー,マイネルミュトス,ウレキサイト,リリーマイスター,ミスマリア,ヤップヤップヤップ,マイネルウィルトス,リバプールタウン,サンレイポケット,,,95.35,97.4,96.67,98.21,96.22,96.07,95.74,96.12,97.12,96.83,89.75,96.85,97.4,97.29,96.92,96.58,,,59.77,61.66,60.14,62.02,61.6,61.49,60.48,61.64,61.04,60.38,63.02,60.94,60.87,59.02,61.34,60.67,,,36.74,36.42,36.48,36.21,36.42,36.64,37.14,37.69,36.35,37.21,39.4,36.44,36.44,36.97,36.91,36.77,,,3.54,0.91,45.04,55.94,52.06,60.24,49.67,48.87,47.12,49.14,54.45,52.91,15.28,53.02,55.94,55.35,53.39,51.58,,,37.05,56.87,40.93,60.64,56.24,55.09,44.49,56.66,50.37,43.45,71.13,49.32,48.58,29.18,53.51,46.49,,,120.49,118.43,119.62,117.69,118.47,119.06,120.93,121.41,118.7,121.16,124.45,118.97,119.02,121.54,119.8,119.93,,
